,year,population,exchange_rate,economy_growth,gdp_nt_dollar(unit: million),gdp_us_dollar(unit: million),gdp_avg_nt_dollar,gdp_avg_us_dollar,gni_nt_dollar(unit: million),gni_us_dollar(unit: million),gni_avg_nt_dollar,gni_avg_us_dollar,ni_nt_dollar,ni_us_dollar,avg_income_nt_dollar,avg_income_us_dollar
0,40年,7758202.0,10.3,－,12327.0,1197.0,1589.0,154.0,12320.0,1196.0,1588.0,154.0,12276.0,1192.0,1582.0,154.0
1,41年,8046915.0,10.3,12.0,17275.0,1677.0,2147.0,208.0,17271.0,1677.0,2146.0,208.0,17119.0,1662.0,2127.0,207.0
2,42年,8333009.0,15.55,9.49,23036.0,1481.0,2764.0,178.0,23032.0,1481.0,2764.0,178.0,22712.0,1461.0,2726.0,175.0
3,43年,8645264.0,15.55,9.64,25315.0,1628.0,2928.0,188.0,25311.0,1628.0,2928.0,188.0,24759.0,1592.0,2864.0,184.0
4,44年,8967001.0,15.55,7.72,30163.0,1940.0,3364.0,216.0,30160.0,1940.0,3363.0,216.0,29326.0,1886.0,3270.0,210.0
5,45年,9289545.0,24.78,6.17,34672.0,1399.0,3732.0,151.0,34665.0,1399.0,3732.0,151.0,33546.0,1354.0,3611.0,146.0
6,46年,9597690.0,24.78,7.81,40549.0,1636.0,4225.0,170.0,40494.0,1634.0,4219.0,170.0,38965.0,1572.0,4060.0,164.0
7,47年,9920227.0,24.78,7.68,45498.0,1836.0,4586.0,185.0,45317.0,1829.0,4568.0,184.0,43409.0,1752.0,4376.0,177.0
8,48年,10288327.0,36.38,8.81,52526.0,1444.0,5105.0,140.0,52370.0,1440.0,5090.0,140.0,49984.0,1374.0,4858.0,134.0
9,49年,10667705.0,36.38,7.2,63398.0,1743.0,5943.0,163.0,63371.0,1742.0,5940.0,163.0,60483.0,1663.0,5670.0,156.0
10,50年,11030385.0,40.0,7.05,71128.0,1778.0,6448.0,161.0,71045.0,1776.0,6441.0,161.0,67549.0,1689.0,6124.0,153.0
11,  Ⅰ,10895610.0,40.0,－,17545.0,439.0,1610.0,40.0,17524.0,438.0,1609.0,40.0,－,－,－,－
12,  Ⅱ,10985460.0,40.0,－,17270.0,432.0,1572.0,39.0,17249.0,431.0,1571.0,39.0,－,－,－,－
13,  Ⅲ,11075310.0,40.0,－,16214.0,405.0,1464.0,37.0,16194.0,405.0,1463.0,37.0,－,－,－,－
14,  Ⅳ,11165159.0,40.0,－,20099.0,502.0,1802.0,45.0,20078.0,502.0,1798.0,45.0,－,－,－,－
15,51年,11392513.0,40.0,8.93,78412.0,1960.0,6883.0,172.0,78302.0,1958.0,6873.0,172.0,74227.0,1856.0,6515.0,163.0
16,  Ⅰ,11255692.0,40.0,8.87,18729.0,468.0,1665.0,42.0,18701.0,468.0,1662.0,42.0,－,－,－,－
17,  Ⅱ,11346906.0,40.0,9.11,19149.0,479.0,1689.0,42.0,19122.0,478.0,1686.0,42.0,－,－,－,－
18,  Ⅲ,11438121.0,40.0,12.39,18535.0,463.0,1621.0,41.0,18508.0,463.0,1619.0,40.0,－,－,－,－
19,  Ⅳ,11529335.0,40.0,6.05,21999.0,550.0,1908.0,47.0,21971.0,549.0,1906.0,48.0,－,－,－,－
20,52年,11762101.0,40.0,10.74,88740.0,2219.0,7545.0,189.0,88627.0,2216.0,7535.0,188.0,84170.0,2104.0,7156.0,179.0
21,  Ⅰ,11621732.0,40.0,14.39,21915.0,548.0,1887.0,47.0,21886.0,547.0,1883.0,47.0,－,－,－,－
22,  Ⅱ,11715312.0,40.0,10.91,21580.0,540.0,1842.0,46.0,21551.0,539.0,1840.0,46.0,－,－,－,－
23,  Ⅲ,11808891.0,40.0,7.35,20498.0,512.0,1736.0,43.0,20470.0,512.0,1733.0,43.0,－,－,－,－
24,  Ⅳ,11902471.0,40.0,10.33,24747.0,619.0,2080.0,53.0,24720.0,618.0,2079.0,52.0,－,－,－,－
25,53年,12137143.0,40.0,12.63,103673.0,2592.0,8542.0,214.0,103689.0,2592.0,8543.0,214.0,98520.0,2463.0,8117.0,203.0
26,  Ⅰ,11996231.0,40.0,12.94,26285.0,657.0,2191.0,55.0,26266.0,657.0,2190.0,55.0,－,－,－,－
27,  Ⅱ,12090172.0,40.0,13.96,25539.0,638.0,2112.0,53.0,25536.0,638.0,2112.0,53.0,－,－,－,－
28,  Ⅲ,12184114.0,40.0,13.4,23734.0,593.0,1948.0,49.0,23742.0,594.0,1949.0,49.0,－,－,－,－
29,  Ⅳ,12278055.0,40.0,10.57,28115.0,704.0,2291.0,57.0,28145.0,703.0,2292.0,57.0,－,－,－,－
30,54年,12511863.0,40.0,11.89,114771.0,2869.0,9173.0,229.0,114577.0,2864.0,9157.0,229.0,108626.0,2716.0,8682.0,217.0
31,  Ⅰ,12371735.0,40.0,10.32,28202.0,705.0,2280.0,57.0,28154.0,704.0,2276.0,57.0,－,－,－,－
32,  Ⅱ,12465154.0,40.0,11.48,28599.0,715.0,2294.0,57.0,28550.0,714.0,2290.0,57.0,－,－,－,－
33,  Ⅲ,12558572.0,40.0,12.91,26824.0,671.0,2136.0,53.0,26775.0,669.0,2132.0,53.0,－,－,－,－
34,  Ⅳ,12651991.0,40.0,12.81,31146.0,778.0,2463.0,62.0,31098.0,777.0,2459.0,62.0,－,－,－,－
35,55年,12874153.0,40.0,9.63,128282.0,3207.0,9964.0,249.0,128185.0,3205.0,9957.0,249.0,121282.0,3032.0,9421.0,236.0
36,  Ⅰ,12742563.0,40.0,6.62,30409.0,760.0,2387.0,60.0,30398.0,760.0,2387.0,60.0,28847.0,721.0,2265.0,57.0
37,  Ⅱ,12830290.0,40.0,9.84,31381.0,785.0,2447.0,61.0,31364.0,784.0,2446.0,61.0,29714.0,743.0,2317.0,58.0
38,  Ⅲ,12918016.0,40.0,13.3,30925.0,773.0,2395.0,60.0,30903.0,773.0,2393.0,60.0,29089.0,727.0,2253.0,56.0
39,  Ⅳ,13005742.0,40.0,9.01,35567.0,889.0,2735.0,68.0,35520.0,888.0,2731.0,68.0,33632.0,841.0,2586.0,65.0
40,56年,13210344.0,40.0,11.15,148360.0,3709.0,11231.0,281.0,148037.0,3701.0,11206.0,280.0,139680.0,3492.0,10574.0,264.0
41,  Ⅰ,13089790.0,40.0,12.3,35265.0,882.0,2695.0,67.0,35197.0,880.0,2690.0,67.0,33297.0,832.0,2545.0,64.0
42,  Ⅱ,13170160.0,40.0,10.49,35665.0,892.0,2709.0,68.0,35582.0,890.0,2703.0,68.0,33552.0,839.0,2549.0,64.0
43,  Ⅲ,13250529.0,40.0,8.95,36030.0,901.0,2720.0,68.0,35950.0,899.0,2714.0,68.0,33784.0,845.0,2551.0,64.0
44,  Ⅳ,13330899.0,40.0,12.68,41400.0,1034.0,3107.0,78.0,41308.0,1032.0,3099.0,77.0,39047.0,976.0,2929.0,72.0
45,57年,13548537.0,40.0,9.71,173026.0,4326.0,12771.0,319.0,172568.0,4314.0,12737.0,318.0,162303.0,4058.0,11979.0,299.0
46,  Ⅰ,13415447.0,40.0,8.44,39995.0,1000.0,2983.0,75.0,39910.0,998.0,2976.0,74.0,37582.0,940.0,2802.0,70.0
47,  Ⅱ,13504174.0,40.0,9.02,41599.0,1040.0,3082.0,77.0,41539.0,1038.0,3077.0,77.0,39079.0,977.0,2895.0,72.0
48,  Ⅲ,13592901.0,40.0,12.88,43049.0,1076.0,3169.0,79.0,42949.0,1074.0,3161.0,79.0,40271.0,1007.0,2964.0,74.0
49,  Ⅳ,13681628.0,40.0,8.72,48383.0,1210.0,3537.0,88.0,48170.0,1204.0,3523.0,88.0,45371.0,1134.0,3318.0,83.0
50,58年,14068984.0,40.0,9.59,200707.0,5018.0,14266.0,357.0,200460.0,5012.0,14248.0,356.0,187720.0,4693.0,13343.0,334.0
51,  Ⅰ,13811739.0,40.0,11.56,47921.0,1198.0,3472.0,87.0,47847.0,1196.0,3465.0,87.0,44910.0,1123.0,3253.0,81.0
52,  Ⅱ,13983236.0,40.0,9.98,48737.0,1218.0,3487.0,87.0,48665.0,1217.0,3481.0,87.0,45563.0,1139.0,3259.0,81.0
53,  Ⅲ,14154732.0,40.0,9.9,49360.0,1234.0,3489.0,87.0,49325.0,1233.0,3486.0,87.0,46062.0,1152.0,3255.0,81.0
54,  Ⅳ,14326228.0,40.0,7.27,54689.0,1368.0,3818.0,96.0,54623.0,1366.0,3816.0,95.0,51185.0,1279.0,3576.0,91.0
55,59年,14582944.0,40.0,11.51,231427.0,5786.0,15870.0,397.0,231015.0,5775.0,15841.0,396.0,216219.0,5405.0,14827.0,371.0
56,  Ⅰ,14456789.0,40.0,8.07,53504.0,1338.0,3701.0,93.0,53479.0,1337.0,3699.0,92.0,50103.0,1253.0,3466.0,87.0
57,  Ⅱ,14539891.0,40.0,13.14,57206.0,1430.0,3934.0,98.0,57084.0,1427.0,3926.0,98.0,53497.0,1337.0,3679.0,92.0
58,  Ⅲ,14615985.0,40.0,11.32,57392.0,1435.0,3927.0,98.0,57406.0,1435.0,3928.0,98.0,53606.0,1340.0,3668.0,92.0
59,  Ⅳ,14704093.0,40.0,13.32,63325.0,1583.0,4308.0,108.0,63046.0,1576.0,4288.0,108.0,59013.0,1475.0,4014.0,100.0
60,60年,14913564.0,40.0,13.43,269114.0,6728.0,18045.0,451.0,268992.0,6725.0,18037.0,451.0,251214.0,6280.0,16845.0,421.0
61,  Ⅰ,14795178.0,40.0,13.58,62998.0,1575.0,4258.0,106.0,63017.0,1575.0,4260.0,106.0,58933.0,1473.0,3984.0,100.0
62,  Ⅱ,14874437.0,40.0,16.26,67093.0,1677.0,4512.0,113.0,66951.0,1674.0,4502.0,113.0,62688.0,1567.0,4215.0,105.0
63,  Ⅲ,14947675.0,40.0,14.54,66623.0,1666.0,4457.0,111.0,66565.0,1664.0,4454.0,111.0,62052.0,1551.0,4152.0,104.0
64,  Ⅳ,15028940.0,40.0,9.76,72400.0,1810.0,4818.0,121.0,72459.0,1812.0,4821.0,121.0,67541.0,1689.0,4494.0,112.0
65,61年,15220495.0,40.0,13.87,322536.0,8063.0,21191.0,530.0,322604.0,8065.0,21195.0,530.0,299947.0,7499.0,19707.0,493.0
66,  Ⅰ,15109925.0,40.0,14.41,75626.0,1891.0,5004.0,125.0,75366.0,1884.0,4987.0,125.0,70188.0,1755.0,4644.0,116.0
67,  Ⅱ,15177272.0,40.0,14.02,80497.0,2012.0,5303.0,133.0,80563.0,2014.0,5307.0,133.0,75153.0,1879.0,4951.0,124.0
68,  Ⅲ,15243614.0,40.0,12.29,80079.0,2002.0,5252.0,131.0,79958.0,1999.0,5244.0,131.0,74159.0,1854.0,4864.0,122.0
69,  Ⅳ,15323024.0,40.0,14.73,86334.0,2158.0,5632.0,141.0,86717.0,2168.0,5657.0,141.0,80447.0,2011.0,5248.0,131.0
70,62年,15505121.0,38.25,12.83,418495.0,10941.0,26991.0,706.0,418379.0,10938.0,26983.0,705.0,385840.0,10087.0,24885.0,651.0
71,  Ⅰ,15398584.0,39.0,14.36,92374.0,2367.0,6001.0,154.0,92409.0,2367.0,6003.0,154.0,85654.0,2194.0,5564.0,143.0
72,  Ⅱ,15466929.0,38.0,10.46,98004.0,2577.0,6338.0,167.0,97984.0,2577.0,6337.0,167.0,90552.0,2381.0,5857.0,154.0
73,  Ⅲ,15537283.0,38.0,14.93,105494.0,2773.0,6793.0,179.0,105138.0,2764.0,6769.0,178.0,96495.0,2537.0,6213.0,163.0
74,  Ⅳ,15608643.0,38.0,11.8,122623.0,3224.0,7859.0,206.0,122848.0,3230.0,7874.0,206.0,113139.0,2975.0,7251.0,191.0
75,63年,15784817.0,38.0,2.67,560129.0,14740.0,35485.0,934.0,559952.0,14736.0,35474.0,934.0,508358.0,13378.0,32206.0,848.0
76,  Ⅰ,15676296.0,38.0,7.01,138058.0,3633.0,8805.0,232.0,138229.0,3638.0,8816.0,232.0,125926.0,3314.0,8031.0,211.0
77,  Ⅱ,15744624.0,38.0,3.47,142849.0,3759.0,9071.0,239.0,142329.0,3746.0,9038.0,238.0,129535.0,3409.0,8225.0,217.0
78,  Ⅲ,15812952.0,38.0,0.11,137738.0,3625.0,8708.0,229.0,137527.0,3619.0,8695.0,229.0,124349.0,3272.0,7862.0,207.0
79,  Ⅳ,15889319.0,38.0,0.36,141484.0,3723.0,8901.0,234.0,141867.0,3733.0,8925.0,235.0,128548.0,3383.0,8088.0,213.0
80,64年,16075128.0,38.0,6.19,601827.0,15838.0,37438.0,985.0,598483.0,15750.0,37230.0,980.0,538409.0,14169.0,33493.0,881.0
81,  Ⅰ,15967632.0,38.0,-2.81,139697.0,3676.0,8749.0,230.0,139315.0,3666.0,8725.0,230.0,124593.0,3279.0,7803.0,205.0
82,  Ⅱ,16036952.0,38.0,4.5,147769.0,3889.0,9214.0,242.0,147027.0,3869.0,9168.0,241.0,132374.0,3484.0,8254.0,217.0
83,  Ⅲ,16101248.0,38.0,10.67,151956.0,3999.0,9438.0,248.0,150615.0,3964.0,9354.0,246.0,135333.0,3561.0,8405.0,221.0
84,  Ⅳ,16180614.0,38.0,12.34,162405.0,4274.0,10037.0,265.0,161526.0,4251.0,9983.0,263.0,146109.0,3845.0,9031.0,238.0
85,65年,16401413.0,38.0,14.28,721583.0,18989.0,43995.0,1158.0,716567.0,18857.0,43689.0,1150.0,645348.0,16983.0,39347.0,1035.0
86,  Ⅰ,16256774.0,38.0,15.96,168312.0,4429.0,10342.0,272.0,167297.0,4403.0,10281.0,271.0,150517.0,3961.0,9250.0,243.0
87,  Ⅱ,16328089.0,38.0,14.29,177474.0,4670.0,10858.0,286.0,175780.0,4626.0,10754.0,283.0,158535.0,4172.0,9699.0,255.0
88,  Ⅲ,16414471.0,38.0,12.83,181952.0,4788.0,11074.0,292.0,180921.0,4761.0,11011.0,290.0,162603.0,4279.0,9896.0,260.0
89,  Ⅳ,16521945.0,38.0,14.21,193845.0,5102.0,11721.0,308.0,192569.0,5067.0,11643.0,306.0,173693.0,4571.0,10502.0,277.0
90,66年,16730895.0,38.0,11.41,845657.0,22254.0,50545.0,1330.0,840533.0,22119.0,50238.0,1322.0,757095.0,19924.0,45251.0,1191.0
91,  Ⅰ,16615413.0,38.0,11.98,194267.0,5112.0,11694.0,308.0,193971.0,5105.0,11675.0,307.0,173715.0,4571.0,10456.0,275.0
92,  Ⅱ,16688719.0,38.0,13.97,209546.0,5514.0,12558.0,330.0,207510.0,5461.0,12435.0,327.0,187154.0,4925.0,11215.0,295.0
93,  Ⅲ,16765038.0,38.0,9.19,211207.0,5558.0,12600.0,332.0,210454.0,5538.0,12554.0,330.0,189332.0,4982.0,11294.0,297.0
94,  Ⅳ,16844369.0,38.0,10.64,230637.0,6070.0,13693.0,360.0,228598.0,6015.0,13574.0,358.0,206894.0,5446.0,12286.0,324.0
95,67年,17042272.0,36.95,13.56,1011501.0,27375.0,59352.0,1606.0,1009170.0,27312.0,59216.0,1603.0,913778.0,24730.0,53618.0,1451.0
96,  Ⅰ,16916769.0,38.0,12.9,228875.0,6008.0,13524.0,355.0,229274.0,6019.0,13548.0,356.0,206893.0,5431.0,12225.0,321.0
97,  Ⅱ,16985043.0,38.0,12.35,248057.0,6511.0,14599.0,383.0,246093.0,6459.0,14483.0,380.0,223260.0,5860.0,13140.0,345.0
98,  Ⅲ,17063356.0,36.12,17.26,258919.0,7150.0,15168.0,419.0,259783.0,7174.0,15219.0,421.0,235426.0,6501.0,13792.0,381.0
99,  Ⅳ,17156731.0,35.68,11.92,275650.0,7706.0,16061.0,449.0,274020.0,7660.0,15966.0,446.0,248199.0,6938.0,14461.0,404.0
100,68年,17372779.0,36.0,8.83,1219596.0,33878.0,70202.0,1950.0,1219996.0,33889.0,70225.0,1951.0,1098774.0,30522.0,63247.0,1757.0
101,  Ⅰ,17238277.0,35.94,10.73,279629.0,7783.0,16213.0,451.0,280347.0,7803.0,16255.0,453.0,252549.0,7030.0,14642.0,408.0
102,  Ⅱ,17311551.0,36.01,9.93,300293.0,8342.0,17337.0,482.0,301037.0,8363.0,17380.0,483.0,271804.0,7551.0,15693.0,436.0
103,  Ⅲ,17393858.0,36.06,7.64,311605.0,8644.0,17906.0,497.0,311801.0,8650.0,17917.0,497.0,280476.0,7781.0,16117.0,447.0
104,  Ⅳ,17492224.0,36.03,7.3,328069.0,9109.0,18746.0,520.0,326811.0,9073.0,18673.0,518.0,293945.0,8160.0,16795.0,466.0
105,69年,17704538.0,36.0,8.04,1522625.0,42295.0,86002.0,2389.0,1520519.0,42237.0,85883.0,2386.0,1363321.0,37870.0,77004.0,2139.0
106,  Ⅰ,17578091.0,36.04,7.91,349969.0,9710.0,19901.0,552.0,351990.0,9767.0,20015.0,556.0,315513.0,8755.0,17941.0,498.0
107,  Ⅱ,17648339.0,36.04,8.39,373902.0,10374.0,21177.0,588.0,371406.0,10305.0,21036.0,584.0,333232.0,9246.0,18874.0,524.0
108,  Ⅲ,17724609.0,35.96,7.84,383668.0,10668.0,21637.0,602.0,385762.0,10727.0,21755.0,605.0,345401.0,9604.0,19479.0,542.0
109,  Ⅳ,17817939.0,35.96,8.01,415086.0,11543.0,23287.0,647.0,411361.0,11438.0,23077.0,641.0,369175.0,10265.0,20710.0,575.0
110,70年,18029982.0,36.79,7.11,1805043.0,49063.0,100113.0,2721.0,1795390.0,48801.0,99578.0,2707.0,1613077.0,43846.0,89466.0,2432.0
111,  Ⅰ,17901555.0,35.95,7.15,422959.0,11770.0,23619.0,657.0,421682.0,11734.0,23548.0,655.0,377503.0,10506.0,21081.0,587.0
112,  Ⅱ,17975802.0,36.36,7.14,451532.0,12423.0,25111.0,691.0,448807.0,12348.0,24959.0,687.0,401110.0,11037.0,22307.0,614.0
113,  Ⅲ,18058075.0,37.06,8.37,459833.0,12413.0,25456.0,687.0,458140.0,12367.0,25362.0,685.0,412139.0,11126.0,22816.0,616.0
114,  Ⅳ,18149379.0,37.8,5.84,470719.0,12457.0,25927.0,686.0,466761.0,12352.0,25709.0,680.0,422325.0,11177.0,23262.0,615.0
115,71年,18354855.0,39.12,4.8,1938394.0,49550.0,105607.0,2700.0,1937712.0,49533.0,105569.0,2699.0,1741915.0,44527.0,94902.0,2426.0
116,  Ⅰ,18227453.0,37.91,4.58,461896.0,12186.0,25323.0,668.0,463881.0,12238.0,25432.0,671.0,412661.0,10888.0,22625.0,597.0
117,  Ⅱ,18294665.0,38.78,5.13,488317.0,12594.0,26673.0,688.0,484976.0,12508.0,26490.0,684.0,433795.0,11190.0,23696.0,611.0
118,  Ⅲ,18371909.0,39.65,4.7,489592.0,12350.0,26630.0,672.0,491134.0,12389.0,26714.0,674.0,444009.0,11202.0,24151.0,610.0
119,  Ⅳ,18466206.0,40.15,4.77,498589.0,12420.0,26981.0,672.0,497721.0,12398.0,26933.0,670.0,451450.0,11247.0,24430.0,608.0
120,72年,18653146.0,40.06,9.04,2170005.0,54169.0,116335.0,2904.0,2173261.0,54250.0,116509.0,2908.0,1946334.0,48585.0,104343.0,2605.0
121,  Ⅰ,18547823.0,39.97,4.29,495528.0,12404.0,26716.0,668.0,501323.0,12549.0,27029.0,676.0,447716.0,11207.0,24138.0,604.0
122,  Ⅱ,18614026.0,40.03,8.41,548306.0,13705.0,29457.0,737.0,543403.0,13582.0,29193.0,729.0,484368.0,12106.0,26022.0,650.0
123,  Ⅲ,18683238.0,40.12,11.3,554907.0,13839.0,29701.0,741.0,558179.0,13920.0,29876.0,745.0,500111.0,12472.0,26768.0,668.0
124,  Ⅳ,18754456.0,40.19,11.79,571264.0,14221.0,30461.0,758.0,570356.0,14199.0,30411.0,758.0,514139.0,12800.0,27415.0,683.0
125,73年,18929866.0,39.62,10.05,2418884.0,61052.0,127781.0,3225.0,2448859.0,61809.0,129365.0,3265.0,2206303.0,55687.0,116551.0,2942.0
126,  Ⅰ,18816526.0,40.15,11.88,562284.0,14000.0,29858.0,743.0,570970.0,14216.0,30320.0,755.0,514624.0,12813.0,27329.0,680.0
127,  Ⅱ,18872694.0,39.77,11.66,619869.0,15581.0,32819.0,825.0,620554.0,15598.0,32855.0,826.0,555259.0,13957.0,29398.0,739.0
128,  Ⅲ,18939896.0,39.21,9.71,620261.0,15814.0,32723.0,834.0,632351.0,16121.0,33361.0,850.0,572975.0,14607.0,30228.0,771.0
129,  Ⅳ,19023146.0,39.36,7.31,616470.0,15657.0,32381.0,823.0,624984.0,15874.0,32829.0,834.0,563445.0,14310.0,29596.0,752.0
130,74年,19191510.0,39.86,4.81,2536012.0,63623.0,132142.0,3315.0,2583166.0,64806.0,134599.0,3377.0,2327221.0,58385.0,121263.0,3042.0
131,  Ⅰ,19095232.0,39.3,5.68,598491.0,15229.0,31327.0,797.0,614377.0,15633.0,32158.0,819.0,558260.0,14205.0,29221.0,744.0
132,  Ⅱ,19145377.0,39.82,4.24,641680.0,16116.0,33500.0,841.0,647713.0,16267.0,33814.0,849.0,574331.0,14423.0,29983.0,753.0
133,  Ⅲ,19203545.0,40.31,3.62,639119.0,15855.0,33265.0,825.0,654199.0,16230.0,34050.0,844.0,593584.0,14726.0,30894.0,766.0
134,  Ⅳ,19276757.0,39.99,5.76,656722.0,16423.0,34050.0,852.0,666877.0,16676.0,34577.0,865.0,601046.0,15031.0,31165.0,779.0
135,75年,19411454.0,37.85,11.52,2966911.0,78386.0,152843.0,4038.0,3043873.0,80419.0,156808.0,4143.0,2773615.0,73279.0,142885.0,3775.0
136,  Ⅰ,19336243.0,39.24,10.2,684160.0,17393.0,35382.0,900.0,704347.0,17907.0,36425.0,926.0,651855.0,16572.0,33711.0,857.0
137,  Ⅱ,19382372.0,38.38,9.57,734679.0,19096.0,37904.0,986.0,750650.0,19511.0,38727.0,1007.0,669214.0,17395.0,34526.0,898.0
138,  Ⅲ,19431510.0,37.47,12.32,761704.0,20279.0,39198.0,1043.0,779974.0,20766.0,40139.0,1069.0,713094.0,18985.0,36697.0,977.0
139,  Ⅳ,19483657.0,36.29,13.77,786368.0,21618.0,40359.0,1109.0,808902.0,22235.0,41517.0,1141.0,739452.0,20327.0,37951.0,1043.0
140,76年,19617046.0,31.87,12.7,3344962.0,104956.0,170513.0,5350.0,3418313.0,107258.0,174252.0,5468.0,3109963.0,97583.0,158534.0,4974.0
141,  Ⅰ,19528807.0,34.98,13.16,786725.0,22348.0,40265.0,1144.0,809426.0,22997.0,41427.0,1177.0,748321.0,21269.0,38298.0,1088.0
142,  Ⅱ,19572927.0,32.39,14.29,832223.0,25531.0,42498.0,1304.0,848429.0,26033.0,43325.0,1329.0,761475.0,23374.0,38884.0,1194.0
143,  Ⅲ,19627073.0,30.53,13.64,862293.0,28064.0,43912.0,1429.0,879938.0,28644.0,44810.0,1459.0,806199.0,26254.0,41054.0,1337.0
144,  Ⅳ,19692249.0,29.58,9.95,863721.0,29013.0,43838.0,1473.0,880520.0,29584.0,44690.0,1503.0,793968.0,26686.0,40298.0,1355.0
145,77年,19839704.0,28.61,8.02,3615319.0,126366.0,182226.0,6369.0,3712693.0,129769.0,187134.0,6541.0,3387085.0,118388.0,170723.0,5967.0
146,  Ⅰ,19744456.0,28.61,8.65,846978.0,29604.0,42870.0,1498.0,876596.0,30638.0,44368.0,1551.0,813359.0,28429.0,41166.0,1439.0
147,  Ⅱ,19788571.0,28.68,6.98,887744.0,30953.0,44832.0,1563.0,910270.0,31738.0,45970.0,1603.0,828177.0,28876.0,41823.0,1458.0
148,  Ⅲ,19846722.0,28.77,8.07,926609.0,32207.0,46658.0,1622.0,946872.0,32911.0,47678.0,1657.0,866099.0,30105.0,43610.0,1516.0
149,  Ⅳ,19917908.0,28.39,8.41,953988.0,33602.0,47866.0,1686.0,978955.0,34482.0,49118.0,1730.0,879450.0,30978.0,44124.0,1554.0
150,78年,20055492.0,26.41,8.75,4033071.0,152710.0,201096.0,7614.0,4133840.0,156526.0,206120.0,7805.0,3795599.0,143718.0,189255.0,7166.0
151,  Ⅰ,19974292.0,27.65,9.1,949158.0,34265.0,47507.0,1715.0,975671.0,35221.0,48835.0,1764.0,906837.0,32742.0,45388.0,1639.0
152,  Ⅱ,20017398.0,26.27,9.39,992328.0,37704.0,49561.0,1883.0,1005123.0,38190.0,50200.0,1907.0,921407.0,35015.0,46018.0,1749.0
153,  Ⅲ,20071532.0,25.74,8.47,1023333.0,39683.0,50972.0,1977.0,1052008.0,40796.0,52401.0,2032.0,969910.0,37618.0,48310.0,1874.0
154,  Ⅳ,20129675.0,25.97,8.11,1068252.0,41058.0,53056.0,2039.0,1101038.0,42319.0,54684.0,2102.0,997445.0,38343.0,49539.0,1904.0
155,79年,20278946.0,26.89,5.65,4480288.0,166615.0,220933.0,8216.0,4597595.0,170978.0,226718.0,8431.0,4183419.0,155575.0,206294.0,7672.0
156,  Ⅰ,20180709.0,26.18,7.5,1072990.0,40997.0,53160.0,2031.0,1104663.0,42206.0,54730.0,2091.0,1025699.0,39184.0,50816.0,1941.0
157,  Ⅱ,20235842.0,26.91,4.14,1102526.0,40983.0,54475.0,2025.0,1129358.0,41979.0,55800.0,2074.0,1006469.0,37406.0,49727.0,1848.0
158,  Ⅲ,20304006.0,27.25,4.3,1115762.0,40957.0,54944.0,2017.0,1142194.0,41926.0,56245.0,2064.0,1056219.0,38765.0,52010.0,1909.0
159,  Ⅳ,20372171.0,27.23,6.77,1189010.0,43678.0,58354.0,2143.0,1221380.0,44867.0,59943.0,2202.0,1095032.0,40220.0,53741.0,1974.0
160,80年,20503568.0,26.82,8.36,5023763.0,187314.0,245019.0,9136.0,5159313.0,192368.0,251630.0,9382.0,4686035.0,174722.0,228547.0,8522.0
161,  Ⅰ,20425383.0,27.19,7.03,1193397.0,43838.0,58414.0,2146.0,1231282.0,45229.0,60269.0,2214.0,1130436.0,41522.0,55333.0,2032.0
162,  Ⅱ,20470490.0,27.26,8.63,1237128.0,45329.0,60422.0,2214.0,1262851.0,46269.0,61678.0,2260.0,1124074.0,41182.0,54900.0,2011.0
163,  Ⅲ,20517601.0,26.76,9.18,1260298.0,47039.0,61412.0,2292.0,1293677.0,48285.0,63038.0,2353.0,1181873.0,44109.0,57590.0,2150.0
164,  Ⅳ,20574737.0,26.05,8.5,1332940.0,51108.0,64771.0,2484.0,1371503.0,52585.0,66645.0,2555.0,1249652.0,47909.0,60724.0,2329.0
165,81年,20704227.0,25.16,8.29,5614679.0,223159.0,271185.0,10778.0,5735441.0,227959.0,277018.0,11010.0,5147882.0,204606.0,248639.0,9882.0
166,  Ⅰ,20623560.0,25.21,10.52,1350206.0,53579.0,65440.0,2597.0,1381997.0,54841.0,66982.0,2658.0,1256860.0,49877.0,60915.0,2417.0
167,  Ⅱ,20663315.0,25.03,8.49,1381427.0,55213.0,66824.0,2671.0,1405527.0,56177.0,67990.0,2718.0,1248725.0,49910.0,60405.0,2414.0
168,  Ⅲ,20713865.0,25.04,7.92,1402615.0,56037.0,67684.0,2704.0,1430808.0,57164.0,69045.0,2758.0,1283877.0,51295.0,61954.0,2475.0
169,  Ⅳ,20772506.0,25.39,6.5,1480431.0,58330.0,71237.0,2806.0,1517109.0,59777.0,73001.0,2876.0,1358420.0,53524.0,65365.0,2576.0
170,82年,20899019.0,26.39,6.8,6205338.0,235140.0,296920.0,11251.0,6319382.0,239461.0,302377.0,11458.0,5681701.0,215297.0,271864.0,10302.0
171,  Ⅰ,20818583.0,25.78,6.74,1503519.0,58321.0,72176.0,2799.0,1537986.0,59655.0,73830.0,2864.0,1377767.0,53446.0,66140.0,2566.0
172,  Ⅱ,20854182.0,26.08,7.07,1531867.0,58737.0,73411.0,2815.0,1559029.0,59776.0,74713.0,2865.0,1385788.0,53139.0,66411.0,2547.0
173,  Ⅲ,20902963.0,26.85,6.59,1551132.0,57770.0,74161.0,2762.0,1574230.0,58628.0,75264.0,2803.0,1418846.0,52846.0,67837.0,2527.0
174,  Ⅳ,20963761.0,26.84,6.82,1618820.0,60312.0,77172.0,2875.0,1648137.0,61402.0,78570.0,2926.0,1499300.0,55866.0,71476.0,2662.0
175,83年,21086645.0,26.46,7.49,6784442.0,256404.0,321741.0,12160.0,6891959.0,260467.0,326840.0,12352.0,6206187.0,234550.0,294318.0,11123.0
176,  Ⅰ,21013346.0,26.44,5.98,1628330.0,61568.0,77476.0,2930.0,1659637.0,62751.0,78966.0,2986.0,1500470.0,56730.0,71393.0,2700.0
177,  Ⅱ,21054279.0,26.74,7.72,1674412.0,62600.0,79514.0,2973.0,1693659.0,63319.0,80428.0,3007.0,1496140.0,55931.0,71048.0,2656.0
178,  Ⅲ,21103486.0,26.42,6.97,1689891.0,63945.0,80062.0,3030.0,1717577.0,64990.0,81373.0,3080.0,1569595.0,59388.0,74363.0,2813.0
179,  Ⅳ,21153782.0,26.23,9.17,1791809.0,68291.0,84689.0,3227.0,1821086.0,69407.0,86073.0,3279.0,1639982.0,62501.0,77514.0,2954.0
180,84年,21267653.0,26.49,6.5,7396650.0,279224.0,347789.0,13129.0,7507569.0,283411.0,353004.0,13326.0,6719565.0,253664.0,315952.0,11927.0
181,  Ⅰ,21194599.0,26.24,7.55,1766098.0,67308.0,83314.0,3175.0,1799933.0,68600.0,84910.0,3236.0,1622999.0,61871.0,76564.0,2918.0
182,  Ⅱ,21234681.0,25.58,6.45,1811031.0,70801.0,85272.0,3333.0,1829542.0,71527.0,86144.0,3368.0,1601501.0,62627.0,75407.0,2948.0
183,  Ⅲ,21284962.0,26.97,6.98,1852793.0,68700.0,87033.0,3227.0,1881951.0,69784.0,88402.0,3278.0,1704113.0,63205.0,80049.0,2969.0
184,  Ⅳ,21334658.0,27.16,5.16,1966728.0,72415.0,92170.0,3394.0,1996143.0,73500.0,93548.0,3444.0,1790952.0,65961.0,83932.0,3092.0
185,85年,21441432.0,27.46,6.18,8036590.0,292665.0,374816.0,13650.0,8146092.0,296653.0,379923.0,13836.0,7300416.0,265856.0,340482.0,12399.0
186,  Ⅰ,21372055.0,27.43,5.74,1929854.0,70352.0,90258.0,3291.0,1971549.0,71872.0,92208.0,3362.0,1769849.0,64520.0,82775.0,3017.0
187,  Ⅱ,21405379.0,27.39,5.8,1974424.0,72082.0,92199.0,3367.0,1992445.0,72740.0,93040.0,3397.0,1762229.0,64336.0,82290.0,3004.0
188,  Ⅲ,21446975.0,27.51,6.17,2020970.0,73459.0,94189.0,3423.0,2041551.0,74207.0,95148.0,3459.0,1838220.0,66817.0,85673.0,3114.0
189,  Ⅳ,21497652.0,27.5,6.94,2111342.0,76772.0,98170.0,3569.0,2140547.0,77834.0,99527.0,3618.0,1930118.0,70183.0,89744.0,3264.0
190,86年,21634124.0,28.7,6.11,8717241.0,303737.0,402939.0,14040.0,8806852.0,306859.0,407082.0,14184.0,7907557.0,275525.0,365513.0,12736.0
191,  Ⅰ,21541042.0,27.51,5.66,2090221.0,75975.0,96965.0,3524.0,2122599.0,77144.0,98467.0,3578.0,1912355.0,69507.0,88714.0,3224.0
192,  Ⅱ,21578401.0,27.75,5.58,2109448.0,76011.0,97688.0,3520.0,2126612.0,76622.0,98483.0,3547.0,1896470.0,68333.0,87825.0,3164.0
193,  Ⅲ,21636961.0,28.43,6.25,2168305.0,76263.0,100142.0,3522.0,2192484.0,77106.0,101258.0,3560.0,1971798.0,69348.0,91066.0,3202.0
194,  Ⅳ,21708293.0,31.12,6.89,2349267.0,75488.0,108144.0,3474.0,2365157.0,75987.0,108874.0,3499.0,2126934.0,68337.0,97908.0,3146.0
195,87年,21835703.0,33.46,4.21,9381141.0,280369.0,429624.0,12840.0,9449692.0,282418.0,432763.0,12934.0,8396774.0,250950.0,384543.0,11493.0
196,  Ⅰ,21765267.0,33.04,4.85,2282027.0,69011.0,104850.0,3170.0,2309509.0,69835.0,106113.0,3209.0,2061593.0,62339.0,94722.0,2865.0
197,  Ⅱ,21810745.0,33.63,4.28,2295536.0,68201.0,105251.0,3127.0,2302688.0,68407.0,105579.0,3136.0,2038586.0,60562.0,93470.0,2777.0
198,  Ⅲ,21858492.0,34.54,4.7,2349301.0,67960.0,107482.0,3109.0,2354472.0,68104.0,107717.0,3116.0,2094072.0,60571.0,95804.0,2772.0
199,  Ⅳ,21905902.0,32.61,3.11,2454277.0,75197.0,112041.0,3434.0,2483023.0,76072.0,113354.0,3473.0,2202523.0,67478.0,100547.0,3079.0
200,88年,22010489.0,32.27,6.72,9815595.0,304171.0,445951.0,13819.0,9906113.0,306976.0,450063.0,13947.0,8770083.0,271772.0,398450.0,12347.0
201,  Ⅰ,21947387.0,32.64,6.28,2413238.0,73896.0,109949.0,3367.0,2442063.0,74776.0,111262.0,3407.0,2160205.0,66148.0,98421.0,3014.0
202,  Ⅱ,21987037.0,32.71,7.25,2411196.0,73675.0,109657.0,3351.0,2422183.0,74009.0,110157.0,3366.0,2152917.0,65783.0,97912.0,2992.0
203,  Ⅲ,22028124.0,32.02,5.86,2429582.0,75837.0,110288.0,3443.0,2443780.0,76278.0,110932.0,3463.0,2165914.0,67607.0,98319.0,3069.0
204,  Ⅳ,22070372.0,31.7,7.45,2561579.0,80763.0,116057.0,3658.0,2598087.0,81913.0,117712.0,3711.0,2291047.0,72234.0,103798.0,3272.0
205,89年,22184530.0,31.23,6.42,10351260.0,331452.0,466598.0,14941.0,10490818.0,335921.0,472889.0,15142.0,9269557.0,296816.0,417839.0,13379.0
206,  Ⅰ,22113582.0,30.74,6.04,2497930.0,81299.0,112933.0,3676.0,2533808.0,82469.0,114556.0,3728.0,2242449.0,72987.0,101383.0,3300.0
207,  Ⅱ,22153653.0,30.68,6.22,2511843.0,81911.0,113357.0,3697.0,2539819.0,82826.0,114620.0,3738.0,2234070.0,72856.0,100821.0,3288.0
208,  Ⅲ,22195739.0,31.07,7.35,2598637.0,83678.0,117051.0,3769.0,2630134.0,84695.0,118470.0,3815.0,2329423.0,75012.0,104925.0,3379.0
209,  Ⅳ,22247811.0,32.45,6.05,2742850.0,84564.0,123257.0,3799.0,2787057.0,85931.0,125243.0,3861.0,2463615.0,75961.0,110710.0,3412.0
210,90年,22341120.0,33.81,-1.26,10158209.0,300450.0,454687.0,13448.0,10350233.0,306129.0,463282.0,13703.0,9015899.0,266664.0,403556.0,11936.0
211,  Ⅰ,22292585.0,32.53,1.59,2533134.0,77849.0,113627.0,3492.0,2588329.0,79540.0,116101.0,3568.0,2262496.0,69527.0,101486.0,3118.0
212,  Ⅱ,22324017.0,33.48,-2.39,2448239.0,73104.0,109664.0,3275.0,2496931.0,74555.0,111845.0,3340.0,2160403.0,64506.0,96771.0,2890.0
213,  Ⅲ,22354019.0,34.66,-3.83,2487095.0,71736.0,111255.0,3209.0,2532102.0,73030.0,113268.0,3267.0,2198786.0,63417.0,98358.0,2837.0
214,  Ⅳ,22387035.0,34.58,-0.24,2689741.0,77761.0,120141.0,3472.0,2732871.0,79004.0,122068.0,3528.0,2394214.0,69214.0,106941.0,3091.0
215,91年,22463172.0,34.58,5.57,10680883.0,308875.0,475484.0,13750.0,10923385.0,315887.0,486280.0,14062.0,9504407.0,274853.0,423111.0,12236.0
216,  Ⅰ,22417770.0,35.04,1.96,2593621.0,74011.0,115677.0,3301.0,2660384.0,75917.0,118654.0,3386.0,2293439.0,65444.0,102290.0,2919.0
217,  Ⅱ,22443730.0,34.45,6.88,2598101.0,75409.0,115743.0,3359.0,2652820.0,76998.0,118181.0,3430.0,2304496.0,66886.0,102664.0,2980.0
218,  Ⅲ,22470926.0,33.99,7.01,2673352.0,78643.0,118950.0,3499.0,2729723.0,80303.0,121459.0,3573.0,2384684.0,70150.0,106107.0,3121.0
219,  Ⅳ ,22502570.0,34.84,6.3,2815809.0,80812.0,125114.0,3591.0,2880458.0,82669.0,127986.0,3673.0,2521788.0,72373.0,112050.0,3216.0
220,92年,22562663.0,34.42,4.12,10965866.0,318590.0,486018.0,14120.0,11294739.0,328145.0,500594.0,14544.0,9885093.0,287190.0,438117.0,12729.0
221,  Ⅰ,22530466.0,34.71,4.89,2665146.0,76744.0,118270.0,3406.0,2779160.0,80031.0,123329.0,3552.0,2419124.0,69657.0,107352.0,3091.0
222,  Ⅱ,22547204.0,34.72,-0.7,2582176.0,74333.0,114503.0,3296.0,2665296.0,76730.0,118189.0,3403.0,2307746.0,66431.0,102334.0,2946.0
223,  Ⅲ,22564109.0,34.25,5.21,2763554.0,80647.0,122454.0,3574.0,2816473.0,82195.0,124798.0,3642.0,2462302.0,71853.0,109106.0,3184.0
224,  Ⅳ ,22589258.0,34.0,6.91,2954990.0,86866.0,130791.0,3844.0,3033810.0,89189.0,134278.0,3947.0,2695921.0,79249.0,119325.0,3508.0
225,93年,22646836.0,33.43,6.51,11649645.0,348479.0,514405.0,15388.0,12021744.0,359609.0,530835.0,15879.0,10467622.0,313121.0,462211.0,13826.0
226,  Ⅰ,22613014.0,33.41,6.47,2822220.0,84451.0,124782.0,3735.0,2939172.0,87949.0,129952.0,3888.0,2563023.0,76692.0,113322.0,3391.0
227,  Ⅱ,22630864.0,33.38,9.99,2836014.0,84940.0,125293.0,3753.0,2910103.0,87157.0,128566.0,3850.0,2524568.0,75610.0,111533.0,3341.0
228,  Ⅲ,22649796.0,33.98,6.59,2964819.0,87230.0,130874.0,3850.0,3047436.0,89659.0,134520.0,3958.0,2650555.0,77981.0,117001.0,3443.0
229,  Ⅳ ,22674232.0,32.94,3.45,3026592.0,91858.0,133456.0,4050.0,3125033.0,94844.0,137797.0,4183.0,2729476.0,82838.0,120355.0,3651.0
230,94年,22729753.0,32.18,5.42,12092254.0,375769.0,532001.0,16532.0,12383120.0,384808.0,544798.0,16930.0,10732710.0,333521.0,472188.0,14673.0
231,  Ⅰ,22696209.0,31.54,3.46,2901189.0,92038.0,127807.0,4054.0,3008924.0,95451.0,132553.0,4205.0,2591926.0,82240.0,114183.0,3623.0
232,  Ⅱ,22712927.0,31.4,4.87,2889085.0,92063.0,127180.0,4052.0,2958382.0,94267.0,130230.0,4150.0,2544059.0,81081.0,111992.0,3569.0
233,  Ⅲ,22733699.0,32.32,5.48,3047620.0,94350.0,134036.0,4150.0,3072716.0,95123.0,135139.0,4184.0,2665314.0,82527.0,117223.0,3629.0
234,  Ⅳ ,22757611.0,33.46,7.58,3254360.0,97318.0,142978.0,4276.0,3343098.0,99967.0,146876.0,4391.0,2931411.0,87673.0,128790.0,3852.0
235,95年,22823455.0,32.53,5.62,12640803.0,388589.0,553851.0,17026.0,12952502.0,398171.0,567508.0,17446.0,11117367.0,341757.0,487103.0,14974.0
236,  Ⅰ,22780718.0,32.32,6.08,3037798.0,94024.0,133319.0,4126.0,3155292.0,97657.0,138474.0,4285.0,2705267.0,83732.0,118724.0,3674.0
237,  Ⅱ,22802844.0,32.18,6.05,3038119.0,94443.0,133203.0,4140.0,3107187.0,96586.0,136230.0,4234.0,2647429.0,82297.0,116074.0,3608.0
238,  Ⅲ,22826840.0,32.78,6.68,3215915.0,98140.0,140850.0,4299.0,3263652.0,99593.0,142940.0,4363.0,2797370.0,85367.0,122519.0,3738.0
239,  Ⅳ ,22857785.0,32.85,3.86,3348971.0,101982.0,146479.0,4461.0,3426371.0,104335.0,149864.0,4564.0,2967301.0,90361.0,129786.0,3954.0
240,96年,22917444.0,32.84,6.52,13407062.0,408254.0,585016.0,17814.0,13739828.0,418387.0,599536.0,18256.0,11590959.0,352952.0,505770.0,15401.0
241,  Ⅰ,22878491.0,32.92,5.19,3180147.0,96575.0,138941.0,4219.0,3310398.0,100533.0,144630.0,4392.0,2773249.0,84215.0,121163.0,3679.0
242,  Ⅱ,22891176.0,33.11,6.25,3204724.0,96763.0,139937.0,4225.0,3300328.0,99652.0,144110.0,4351.0,2771943.0,83692.0,121039.0,3654.0
243,  Ⅲ,22913604.0,32.91,7.65,3464717.0,105250.0,151142.0,4592.0,3496111.0,106205.0,152510.0,4633.0,2939220.0,89283.0,128218.0,3895.0
244,  Ⅳ ,22941836.0,32.43,6.82,3557474.0,109666.0,154996.0,4778.0,3632991.0,111997.0,158286.0,4880.0,3106547.0,95762.0,135350.0,4173.0
245,97年,22997696.0,31.54,0.7,13150950.0,416961.0,571838.0,18131.0,13465596.0,426937.0,585519.0,18564.0,11161869.0,353896.0,485347.0,15388.0
246,  Ⅰ,22968580.0,31.53,7.72,3345497.0,105974.0,145634.0,4614.0,3507023.0,111092.0,152664.0,4836.0,2912218.0,92271.0,126772.0,4016.0
247,  Ⅱ,22986531.0,30.44,5.48,3320942.0,108964.0,144452.0,4739.0,3370925.0,110605.0,146625.0,4811.0,2763750.0,90703.0,120215.0,3945.0
248,  Ⅲ,23001000.0,31.19,-1.32,3248413.0,104021.0,141209.0,4522.0,3301388.0,105718.0,143510.0,4595.0,2729925.0,87439.0,118669.0,3801.0
249,  Ⅳ,23022384.0,32.98,-7.65,3236098.0,98002.0,140543.0,4256.0,3286260.0,99522.0,142720.0,4322.0,2755976.0,83483.0,119691.0,3626.0
250,98年,23078402.0,33.06,-1.57,12961656.0,392065.0,561636.0,16988.0,13375650.0,404587.0,579574.0,17531.0,10985329.0,332285.0,476000.0,14398.0
251,  Ⅰ,23047791.0,33.98,-7.88,3117366.0,91641.0,135231.0,3975.0,3249858.0,95542.0,140978.0,4145.0,2630165.0,77305.0,114097.0,3353.0
252,  Ⅱ,23063948.0,33.13,-6.07,3110192.0,93776.0,134825.0,4065.0,3201098.0,96523.0,138765.0,4184.0,2603474.0,78485.0,112861.0,3402.0
253,  Ⅲ,23077893.0,32.8,-1.24,3276808.0,99794.0,141962.0,4324.0,3345042.0,101878.0,144918.0,4414.0,2743314.0,83532.0,118851.0,3619.0
254,  Ⅳ,23103107.0,32.32,9.04,3457290.0,106854.0,149618.0,4624.0,3579652.0,110644.0,154913.0,4788.0,3008376.0,92963.0,130191.0,4024.0
255,99年,23140948.0,31.65,10.63,14119213.0,446105.0,610140.0,19278.0,14548852.0,459679.0,628706.0,19864.0,12194428.0,385290.0,526963.0,16650.0
256,  Ⅰ,23125433.0,31.96,12.46,3431321.0,107317.0,148369.0,4641.0,3591712.0,112342.0,155302.0,4858.0,2998824.0,93783.0,129667.0,4055.0
257,  Ⅱ,23134737.0,31.93,12.4,3490368.0,109266.0,150860.0,4723.0,3597150.0,112618.0,155475.0,4868.0,3000503.0,93923.0,129688.0,4060.0
258,  Ⅲ,23142236.0,31.97,11.69,3613931.0,112993.0,156151.0,4882.0,3695190.0,115543.0,159661.0,4992.0,3073867.0,96099.0,132815.0,4153.0
259,  Ⅳ,23154107.0,30.74,6.52,3583593.0,116529.0,154760.0,5032.0,3664800.0,119176.0,158268.0,5146.0,3121234.0,101485.0,134793.0,4382.0
260,100年,23193518.0,29.47,3.8,14312200.0,485653.0,617078.0,20939.0,14700572.0,498832.0,633822.0,21507.0,12290671.0,417057.0,529918.0,17982.0
261,  Ⅰ,23164001.0,29.51,7.37,3582286.0,121360.0,154589.0,5237.0,3741681.0,126757.0,161467.0,5470.0,3197580.0,108326.0,137986.0,4675.0
262,  Ⅱ,23173178.0,28.9,4.28,3483296.0,120497.0,150258.0,5198.0,3578598.0,123791.0,154368.0,5340.0,2999540.0,103761.0,129388.0,4476.0
263,  Ⅲ,23189212.0,29.2,3.32,3652033.0,125037.0,157427.0,5389.0,3716846.0,127252.0,160220.0,5485.0,3045679.0,104275.0,131287.0,4495.0
264,  Ⅳ,23211430.0,30.26,0.68,3594585.0,118759.0,154804.0,5115.0,3663447.0,121032.0,157767.0,5212.0,3047872.0,100695.0,131257.0,4336.0
265,101年,23270367.0,29.62,2.06,14686917.0,495845.0,631142.0,21308.0,15141108.0,511179.0,650660.0,21967.0,12493108.0,421779.0,536868.0,18125.0
266,  Ⅰ,23232090.0,29.72,0.78,3589361.0,120735.0,154458.0,5196.0,3733045.0,125567.0,160641.0,5404.0,3093541.0,104059.0,133121.0,4478.0
267,  Ⅱ,23250508.0,29.66,0.42,3553329.0,119764.0,152787.0,5150.0,3666458.0,123577.0,157651.0,5314.0,3044299.0,102610.0,130898.0,4413.0
268,  Ⅲ,23272209.0,29.87,2.31,3766640.0,126061.0,161807.0,5415.0,3855189.0,129025.0,165610.0,5542.0,3170802.0,106122.0,136210.0,4558.0
269,  Ⅳ,23299246.0,29.21,4.63,3777587.0,129285.0,162090.0,5547.0,3886416.0,133010.0,166758.0,5707.0,3184466.0,108988.0,136639.0,4676.0
270,102年,23344670.0,29.77,2.2,15230739.0,511614.0,652429.0,21916.0,15654588.0,525851.0,670585.0,22526.0,13115430.0,440559.0,561817.0,18872.0
271,  Ⅰ,23324264.0,29.55,1.46,3682257.0,124605.0,157874.0,5343.0,3821912.0,129327.0,163862.0,5545.0,3219818.0,108955.0,138047.0,4672.0
272,  Ⅱ,23338459.0,29.95,2.51,3707831.0,123795.0,158874.0,5305.0,3780082.0,126203.0,161970.0,5408.0,3179998.0,106170.0,136257.0,4549.0
273,  Ⅲ,23350401.0,29.95,1.47,3863007.0,128976.0,165439.0,5524.0,3963800.0,132337.0,169755.0,5668.0,3335468.0,111361.0,142845.0,4769.0
274,  Ⅳ,23365053.0,29.63,3.31,3977644.0,134238.0,170242.0,5744.0,4088794.0,137984.0,174998.0,5905.0,3380146.0,114073.0,144668.0,4882.0
275,103年,23403635.0,30.37,4.02,16111867.0,530519.0,688434.0,22668.0,16582405.0,546013.0,708540.0,23330.0,14018941.0,461605.0,599007.0,19724.0
276,  Ⅰ,23376556.0,30.36,3.84,3862258.0,127218.0,165172.0,5441.0,4032903.0,132835.0,172469.0,5680.0,3415643.0,112496.0,146071.0,4811.0
277,  Ⅱ,23385815.0,30.16,4.31,3925676.0,130165.0,167818.0,5565.0,4046532.0,134168.0,172984.0,5735.0,3438294.0,113993.0,146982.0,4873.0
278,  Ⅲ,23401158.0,30.06,4.39,4093475.0,136180.0,174876.0,5817.0,4191514.0,139437.0,179064.0,5957.0,3559459.0,118403.0,152061.0,5058.0
279,  Ⅳ,23422017.0,30.89,3.56,4230458.0,136956.0,180568.0,5845.0,4311456.0,139573.0,184023.0,5958.0,3605545.0,116713.0,153893.0,4982.0
280,104年,23462914.0,31.91,0.72,16759016.0,525196.0,714277.0,22384.0,17317917.0,542711.0,738097.0,23131.0,14629941.0,458475.0,623535.0,19540.0
281,  Ⅰ,23441520.0,31.59,4.01,4198871.0,132905.0,179105.0,5669.0,4381081.0,138685.0,186877.0,5916.0,3692358.0,116877.0,157499.0,4985.0
282,  Ⅱ,23455425.0,30.99,0.66,4068742.0,131279.0,173451.0,5597.0,4153657.0,134031.0,177071.0,5714.0,3529420.0,113882.0,150460.0,4855.0
283,  Ⅲ,23465155.0,32.21,-0.7,4209316.0,130671.0,179370.0,5568.0,4336906.0,134644.0,184806.0,5738.0,3660081.0,113625.0,155964.0,4842.0
284,  Ⅳ,23480411.0,32.85,-0.79,4282087.0,130341.0,182351.0,5550.0,4446273.0,135351.0,189343.0,5763.0,3748082.0,114091.0,159612.0,4858.0
285,105年(r),23515945.0,32.33,1.48,17118694.0,529910.0,728134.0,22540.0,17685971.0,547402.0,752264.0,23284.0,14906823.0,461400.0,634055.0,19626.0
286,  Ⅰ,23494444.0,33.35,-0.23,4260531.0,127752.0,181342.0,5438.0,4456495.0,133628.0,189683.0,5688.0,3745083.0,112296.0,159403.0,4780.0
287,  Ⅱ,23502588.0,32.44,1.13,4146530.0,127822.0,176429.0,5439.0,4261736.0,131373.0,181330.0,5590.0,3594837.0,110815.0,152955.0,4715.0
288,  Ⅲ,23513940.0,31.73,2.12,4288301.0,135150.0,182373.0,5748.0,4431839.0,139673.0,188477.0,5940.0,3756254.0,118382.0,159746.0,5035.0
289,  Ⅳ(r),23529667.0,31.78,2.79,4423332.0,139186.0,187990.0,5915.0,4535901.0,142728.0,192774.0,6066.0,3810649.0,119907.0,161951.0,5096.0
290,106年(f),23559269.0,30.42,2.05,17355185.0,570664.0,736652.0,24222.0,17823009.0,586024.0,756510.0,24874.0,15067888.0,495457.0,639564.0,21031.0
291,  Ⅰ(p),23542748.0,31.1,2.6,4300060.0,138266.0,182649.0,5873.0,4440627.0,142785.0,188620.0,6065.0,3732335.0,120011.0,158534.0,5098.0
292,  Ⅱ(f),23551312.0,30.24,2.14,4192835.0,138652.0,178030.0,5887.0,4272366.0,141282.0,181407.0,5999.0,3592769.0,118808.0,152551.0,5045.0
293,  Ⅲ(f),23563982.0,30.17,1.87,4382904.0,145274.0,186000.0,6165.0,4501140.0,149193.0,191018.0,6331.0,3816964.0,126515.0,161983.0,5369.0
294,  Ⅳ(f),23579033.0,30.17,1.66,4479386.0,148472.0,189973.0,6297.0,4608876.0,152764.0,195465.0,6479.0,3925820.0,130123.0,166496.0,5519.0
