year,loc,total,male,female,15-19,15-19m,15-19f,20-24,20-24m,20-24f,25-29,25-29m,25-29f,30-34,30-34m,30-34f,35-39,35-39m,35-39f,40-44,40-44m,40-44f,45-49,45-49m,45-49f,50-54,50-54m,50-54f,55-59,55-59m,55-59f,60-64,60-64m,60-64f,65-,65-m,65-f
82,臺灣地區,1.45,1.36,1.59,4.78,3.85,5.72,4.60,5.26,4.10,1.94,1.93,1.96,0.96,1.05,0.80,0.68,0.82,0.45,0.53,0.60,0.40,0.48,0.63,0.19,0.45,0.56,0.22,0.40,0.48,0.17,0.25,0.31,0.06,0.10,0.12,0.03
82,北部區域,1.6,1.5,1.7,5.1,3.8,6.4,5.2,5.5,4.9,2.1,2.2,1.9,1.1,1.3,0.9,0.7,0.9,0.4,0.6,0.7,0.5,0.6,0.8,0.1,0.6,0.8,0.2,0.5,0.6,0.1,0.3,0.3,0,0.0,0.0,0
82,臺北市,1.8,1.6,2.0,6.2,3.0,9.7,6.3,6.6,6.2,2.6,2.9,2.3,1.4,1.5,1.2,1.0,1.2,0.6,0.6,0.6,0.6,0.9,1.2,0.2,1.0,1.3,0.4,0.7,0.9,0,0.4,0.5,0,0.1,0.1,0
82,基隆市,3.4,3.1,3.9,7.6,6.4,8.8,8.1,7.4,8.6,4.9,5.5,4.0,2.6,2.5,2.7,1.0,1.1,0.8,2.7,2.3,3.2,1.1,1.6,0,1.9,2.4,0.5,0.5,0.4,1.0,1.0,1.3,0,0,0,0
82,新竹市,1.4,1.2,1.8,5.1,3.3,7.3,5.1,4.8,5.3,2.1,1.5,2.8,0.7,1.1,0.1,0.5,0.6,0.5,0.8,1.2,0.2,0,0,0,0.2,0.3,0,0,0,0,0,0,0,0,0,0
82,臺北縣,1.4,1.4,1.4,4.9,4.0,6.0,4.3,4.8,3.9,1.7,1.8,1.6,1.0,1.1,0.7,0.6,0.9,0.2,0.4,0.6,0.1,0.5,0.7,0,0.4,0.4,0.1,0.7,0.9,0,0.1,0.1,0,0,0,0
82,宜蘭縣,1.9,1.5,2.6,5.8,7.0,4.7,6.7,5.2,8.0,1.9,1.7,2.3,1.1,1.1,1.1,0.5,0.6,0.3,0.5,0.6,0.4,0.3,0.4,0,0.6,0.8,0,0.1,0,0.7,0.8,1.0,0,0,0,0
82,桃園縣,1.3,1.2,1.5,3.6,2.3,4.7,4.8,5.5,4.3,1.6,1.7,1.5,0.9,1.3,0.1,0.4,0.4,0.4,0.5,0.5,0.4,0.3,0.3,0.3,0.5,0.7,0.1,0.2,0.3,0,0,0,0,0,0,0
82,新竹縣,0.9,1.1,0.7,1.4,1.1,1.8,3.1,5.8,1.3,1.3,1.5,0.9,0.5,0.4,0.7,1.1,1.6,0.2,0.5,0.3,0.7,0,0,0,0,0,0,0,0,0,0.2,0.2,0,0,0,0
82,中部區域,1.3,1.2,1.5,4.6,3.7,5.5,4.0,4.8,3.4,1.8,1.6,2.0,0.7,0.7,0.7,0.6,0.6,0.4,0.4,0.6,0.2,0.3,0.3,0.3,0.3,0.3,0.4,0.4,0.5,0.3,0.2,0.3,0,0.0,0.0,0
82,臺中市,1.9,1.7,2.2,5.7,5.8,5.7,5.7,7.3,4.6,3.0,2.4,3.7,1.6,1.4,2.1,0.9,1.1,0.5,0.6,0.8,0.4,0.3,0.2,0.4,0.7,0.9,0.4,0.7,0.9,0,0,0,0,0,0,0
82,苗栗縣,1.4,1.2,1.7,4.4,3.0,5.5,4.4,4.7,4.3,2.3,2.4,2.2,0.5,0.7,0.2,0.3,0.2,0.6,0.2,0.2,0.2,0.4,0.7,0,0.8,0.4,1.7,0.4,0.5,0,0.5,0.6,0,0.3,0.3,0
82,臺中縣,1.2,1.0,1.5,4.5,3.4,5.7,3.1,3.1,3.1,1.8,1.7,1.8,0.4,0.5,0.3,0.6,0.5,0.8,0.6,0.8,0.2,0.2,0.1,0.4,0.2,0.3,0,0.1,0.2,0,0.7,0.8,0,0,0,0
82,彰化縣,1.1,1.0,1.1,3.5,2.5,4.4,3.5,4.4,2.7,1.1,1.2,1.0,0.5,0.5,0.5,0.6,0.8,0.1,0.2,0.3,0.1,0.5,0.6,0.2,0.4,0.2,0.6,0.8,0.8,0.6,0.1,0.1,0,0,0,0
82,南投縣,1.4,1.5,1.3,7.7,9.0,6.4,5.7,7.1,4.3,1.3,1.7,0.5,0.7,1.0,0.2,0.5,0.7,0,0.4,0.5,0,0.3,0,0.9,0.1,0.1,0,0.7,0.9,0,0,0,0,0,0,0
82,雲林縣,1.0,0.9,1.1,4.0,2.3,5.9,3.3,4.6,2.3,1.4,0.9,2.5,0.5,0.5,0.5,0.3,0.3,0.3,0.4,0.6,0,0.3,0.4,0.2,0.1,0.1,0,0.1,0,0.3,0,0,0,0,0,0
82,南部區域,1.4,1.3,1.5,4.7,4.1,5.2,4.3,5.3,3.5,1.9,1.9,2.0,0.9,0.9,0.8,0.7,0.8,0.5,0.5,0.5,0.5,0.5,0.6,0.2,0.3,0.4,0.1,0.3,0.3,0.1,0.3,0.3,0.2,0.2,0.2,0.1
82,高雄市,1.5,1.2,1.8,5.6,3.0,7.6,3.9,5.0,3.2,2.5,2.3,2.8,0.9,0.8,1.0,0.8,1.0,0.4,0.7,0.6,0.8,0.3,0.3,0.4,0.4,0.5,0,0.1,0.2,0,0,0,0,0,0,0
82,嘉義市,2.1,2.2,2.1,3.4,2.1,4.8,6.7,5.8,7.3,3.1,3.5,2.5,1.5,2.1,0.6,1.2,1.8,0,0.4,0.7,0,1.6,2.5,0,1.4,1.4,1.6,1.2,1.8,0,0.4,0.5,0,0,0,0
82,臺南市,1.7,1.8,1.5,4.9,3.1,6.7,4.8,6.4,3.6,2.2,2.8,1.4,1.2,1.4,0.8,1.3,1.3,1.2,0.5,0.8,0.1,0.8,0.9,0.5,0.6,0.9,0,0.7,0.7,0.7,0,0,0,0.2,0,1.0
82,嘉義縣,0.8,0.9,0.7,2.2,2.7,1.6,2.9,4.3,1.7,1.1,0.7,1.7,0.6,0.6,0.5,0.7,0.8,0.3,0.1,0,0.1,0.1,0.1,0,0.2,0.3,0,0,0,0,0.1,0.2,0,0.6,0.9,0
82,臺南縣,1.4,1.5,1.3,5.6,5.8,5.4,4.9,6.2,3.8,1.9,2.2,1.4,0.9,1.0,0.9,0.5,0.7,0.3,0.4,0.5,0.4,0.8,1.0,0.5,0.4,0.6,0.1,0.2,0.3,0,0.6,0.9,0.1,0.1,0.2,0
82,高雄縣,1.5,1.3,1.8,4.9,4.7,5.2,4.7,5.8,3.9,1.5,1.2,1.9,0.9,1.0,0.5,0.8,0.7,1.0,0.7,0.5,1.0,0.3,0.5,0,0.2,0.2,0.2,0.4,0.3,0.4,0.3,0.3,0.3,0,0,0
82,屏東縣,1.1,1.1,1.2,3.7,4.2,3.1,4.1,4.6,3.6,1.8,1.7,1.9,0.8,0.7,1.0,0.2,0.2,0,0.4,0.6,0.1,0.2,0.3,0,0.1,0.1,0,0.3,0.5,0,0.1,0,0.5,0,0,0
82,澎湖縣,0.7,0.6,1.0,4.5,3.4,5.8,1.7,1.7,1.8,0.7,1.0,0,0.2,0.3,0,0.5,0.4,1.0,0,0,0,0,0,0,0,0,0,0,0,0,0,0,0,0,0,0
82,東部區域,1.5,1.5,1.6,4.6,3.7,5.8,4.9,5.5,4.4,1.7,1.6,1.9,1.4,1.6,0.9,0.5,0.7,0.1,0.5,0.7,0.3,0.7,1.0,0,0.4,0.6,0,0.2,0.2,0.3,0.3,0.4,0,0.3,0.4,0
82,臺東縣,1.5,1.7,1.3,3.9,3.9,4.0,4.7,6.6,3.2,1.8,2.0,1.3,1.6,1.6,1.7,0.4,0.7,0,0.4,0.4,0.4,0.8,1.3,0,0,0,0,0.2,0.4,0,0,0,0,0.7,0.9,0
82,花蓮縣,1.5,1.3,1.8,5.3,3.4,7.5,5.1,4.6,5.4,1.6,1.2,2.3,1.2,1.6,0.4,0.5,0.7,0.2,0.6,0.8,0.2,0.5,0.8,0,0.6,1.1,0,0.1,0,0.5,0.5,0.7,0,0,0,0
83,臺灣地區,1.56,1.51,1.65,4.96,4.02,5.99,4.67,5.09,4.35,2.19,2.29,2.04,1.19,1.38,0.86,0.74,0.89,0.47,0.65,0.76,0.45,0.60,0.77,0.26,0.45,0.59,0.17,0.43,0.58,0.04,0.29,0.35,0.09,0.13,0.13,0.10
83,北部區域,1.6,1.6,1.7,5.1,4.2,6.1,4.8,5.4,4.5,2.3,2.5,2.1,1.3,1.6,0.9,0.7,0.8,0.5,0.8,0.9,0.5,0.7,1.0,0.2,0.5,0.7,0.2,0.5,0.6,0.1,0.3,0.4,0.2,0.3,0.2,0.3
83,臺北市,1.7,1.7,1.8,5.5,3.7,7.4,5.5,6.1,5.1,2.8,2.8,2.9,1.8,2.1,1.4,0.7,0.7,0.6,0.8,1.1,0.5,0.8,1.1,0.3,0.8,1.2,0.1,0.4,0.5,0,0.7,0.9,0,0.1,0,1.0
83,基隆市,3.0,2.9,3.1,10.1,7.8,12.8,8.4,10.1,7.1,3.0,3.7,1.9,2.3,2.5,1.8,1.2,1.5,0.8,2.1,2.0,2.3,1.0,0.9,1.2,0.7,1.0,0,0.7,0.9,0,0.9,0.8,1.2,0.3,0.4,0
83,新竹市,2.0,2.0,1.9,4.7,3.9,5.5,4.0,2.9,4.8,3.0,3.2,2.7,2.0,2.4,1.4,0.8,0.9,0.5,1.4,2.0,0.5,1.3,2.2,0,0,0,0,1.0,1.5,0,0.6,0.4,1.4,1.2,1.5,0
83,臺北縣,1.5,1.4,1.6,4.4,3.8,5.2,4.6,4.6,4.6,2.1,2.4,1.7,1.0,1.1,0.6,0.7,0.8,0.5,0.5,0.6,0.5,0.8,1.1,0.0,0.4,0.3,0.6,0.7,0.8,0.2,0.1,0.1,0,0.6,0.7,0
83,宜蘭縣,1.5,1.5,1.6,4.0,4.3,3.6,4.5,5.4,3.7,1.7,1.7,1.8,1.3,1.7,0.5,0.8,0.8,0.9,0.8,0.6,1.0,0.1,0,0.4,0.9,1.2,0,0.4,0.5,0,0,0,0,0,0,0
83,桃園縣,1.5,1.6,1.4,5.8,5.3,6.3,4.5,5.8,3.5,2.0,2.4,1.5,1.2,1.4,0.7,0.6,0.8,0.2,0.7,1.0,0.3,0.4,0.4,0.5,0.3,0.4,0,0.3,0.3,0,0.1,0.1,0,0,0,0
83,新竹縣,1.0,1.1,1.0,4.5,3.2,5.9,2.5,3.6,1.6,2.1,2.1,2.0,0.7,1.0,0.2,0.4,0.6,0,0.2,0.3,0,0.2,0.3,0,0.1,0.2,0,0,0,0,0,0,0,0,0,0
83,中部區域,1.3,1.3,1.5,4.8,4.1,5.6,4.1,4.3,4.0,1.8,2.0,1.5,0.8,0.9,0.7,0.6,0.8,0.4,0.5,0.6,0.4,0.4,0.5,0.2,0.3,0.4,0.1,0.4,0.5,0.0,0.3,0.4,0.0,0.1,0.1,0
83,臺中市,2.0,1.7,2.4,5.3,3.5,7.4,6.6,4.4,8.0,2.5,3.0,1.8,1.0,0.8,1.4,1.3,1.6,0.9,1.1,1.4,0.7,0.9,1.2,0.3,0.7,0.9,0.2,0.6,0.8,0,0.3,0.3,0,0,0,0
83,苗栗縣,1.5,1.5,1.6,5.1,4.4,5.7,5.0,5.7,4.5,2.6,2.8,2.2,0.9,1.3,0.1,0.5,0.8,0,0.1,0.1,0,0.2,0.3,0.2,0.1,0.1,0.2,0.1,0.1,0,0.3,0.4,0,0.1,0.2,0
83,臺中縣,1.4,1.3,1.4,5.2,4.4,6.1,3.7,4.2,3.4,1.7,1.9,1.5,0.9,1.1,0.5,0.3,0.5,0.1,0.6,0.9,0.1,0.3,0.4,0,0.3,0.4,0,0.2,0.3,0,0.6,0.7,0,0,0,0
83,彰化縣,1.1,1.1,1.1,3.5,2.9,4.1,3.3,4.0,2.6,1.4,1.6,1.1,0.8,1.0,0.6,0.6,0.7,0.6,0.5,0.5,0.5,0.3,0.4,0.2,0.3,0.4,0,0.4,0.5,0,0.3,0.4,0,0.2,0.2,0
83,南投縣,1.3,1.1,1.5,5.6,6.4,4.7,4.7,5.0,4.5,1.4,1.3,1.6,0.4,0.1,0.9,0.5,0.8,0.1,0.3,0.1,0.8,0.3,0.5,0,0.2,0.2,0,1.0,1.3,0,0.2,0.1,0.4,0,0,0
83,雲林縣,1.1,1.0,1.2,5.3,4.3,6.6,3.0,3.5,2.6,1.5,1.6,1.5,0.8,0.8,0.7,0.5,0.5,0.4,0.2,0.1,0.3,0.1,0,0.3,0.4,0.4,0.4,0.2,0.3,0.1,0.2,0.3,0,0,0,0
83,南部區域,1.6,1.6,1.7,4.7,3.7,5.8,4.9,5.5,4.5,2.3,2.3,2.3,1.2,1.5,0.8,0.9,1.2,0.5,0.6,0.7,0.4,0.6,0.8,0.4,0.5,0.7,0.0,0.4,0.6,0.0,0.2,0.2,0.1,0.0,0.0,0
83,高雄市,1.8,1.7,1.8,5.4,5.2,5.5,5.5,6.3,4.9,2.9,3.0,2.8,1.2,1.6,0.4,1.0,1.3,0.5,0.7,0.8,0.4,0.4,0.6,0,0.3,0.4,0,0.6,0.7,0,0.1,0.1,0,0,0,0
83,嘉義市,1.7,1.7,1.7,3.1,0.5,5.9,4.8,5.8,4.1,2.4,2.1,2.8,1.7,1.9,1.4,0.9,1.5,0,0.3,0.4,0.1,0.7,1.1,0,1.4,1.9,0,0.2,0.3,0,2.1,2.4,0.9,0,0,0
83,臺南市,2.1,2.0,2.2,4.9,3.4,6.4,6.6,7.2,6.1,3.3,3.0,3.6,1.0,1.4,0.5,0.9,1.3,0.3,1.2,1.4,1.0,1.0,0.8,1.4,0.9,1.4,0,0.8,1.2,0,0.2,0,0.9,0,0,0
83,嘉義縣,1.2,1.1,1.3,4.4,2.7,6.3,3.0,3.0,3.0,2.0,2.2,1.7,0.7,0.8,0.4,0.8,0.9,0.8,0.2,0.2,0,0.6,0.5,0.7,0.4,0.6,0,0.5,0.8,0,0.2,0.3,0,0,0,0
83,臺南縣,1.5,1.7,1.2,5.4,4.9,5.9,4.5,6.2,3.1,2.1,2.5,1.5,1.3,1.6,0.7,1.1,1.4,0.5,0.5,0.4,0.6,0.6,0.9,0,0.5,0.6,0.2,0.3,0.4,0,0.1,0.1,0,0,0,0
83,高雄縣,1.9,1.9,2.0,4.9,3.6,6.2,5.3,5.3,5.3,1.8,2.0,1.6,2.1,2.4,1.5,1.2,1.4,0.8,0.6,0.9,0.1,0.9,1.2,0.3,0.5,0.7,0,0.6,0.8,0,0.2,0.2,0,0.1,0.2,0
83,屏東縣,1.2,1.0,1.6,3.5,3.2,3.8,4.5,4.8,4.3,1.8,1.5,2.5,0.6,0.3,1.2,0.4,0.4,0.4,0.7,0.8,0.3,0.5,0.4,0.7,0.3,0.4,0,0.2,0.3,0.2,0,0,0,0,0,0
83,澎湖縣,0.9,0.5,1.5,2.7,1.0,4.4,2.0,1.3,2.6,1.2,1.3,1.1,0.8,0.3,2.1,0.2,0.3,0,0,0,0,0,0,0,0.6,0.7,0,0,0,0,0,0,0,0,0,0
83,東部區域,1.6,1.4,2.0,6.2,3.4,9.7,4.6,4.7,4.5,2.0,2.0,1.9,1.4,1.5,1.1,0.5,0.5,0.4,0.3,0.3,0.2,0.4,0.6,0,0.7,0.4,1.1,0.3,0.5,0,0.6,0.8,0,0.4,0.3,0.7
83,臺東縣,1.8,1.7,1.9,4.7,1.8,8.4,4.8,5.3,4.3,1.8,2.4,0.8,1.9,2.2,1.1,1.0,1.0,1.1,0.6,0.7,0.5,0.4,0.6,0,0.8,0.4,1.5,0.4,0.6,0,0,0,0,0,0,0
83,花蓮縣,1.5,1.2,2.1,7.4,4.7,10.7,4.4,4.1,4.6,2.1,1.8,2.7,1.0,0.9,1.2,0.1,0.2,0,0,0,0,0.4,0.7,0,0.6,0.4,0.8,0.3,0.4,0,1.1,1.4,0,0.6,0.5,1.1
84,臺灣地區,1.79,1.79,1.80,5.59,4.56,6.73,5.16,5.78,4.69,2.55,2.68,2.37,1.36,1.61,0.92,1.00,1.21,0.65,0.82,1.00,0.53,0.78,1.03,0.30,0.70,0.93,0.19,0.42,0.47,0.28,0.31,0.38,0.09,0.12,0.13,0.09
84,北部區域,1.9,1.9,1.9,5.7,4.0,7.6,5.3,6.0,4.7,2.6,2.8,2.4,1.4,1.7,1.0,1.0,1.2,0.6,0.9,1.1,0.5,0.9,1.1,0.5,0.9,1.3,0.0,0.6,0.6,0.4,0.3,0.4,0.2,0.2,0.2,0.2
84,臺北市,2.1,2.2,2.0,7.4,6.7,8.1,6.6,7.5,6.0,3.5,3.3,3.7,2.1,2.4,1.6,0.8,1.0,0.6,1.0,1.5,0.4,1.4,2.0,0.4,1.3,1.9,0,0.4,0.4,0.3,0.3,0.4,0,0,0,0
84,基隆市,2.8,2.5,3.2,8.1,4.5,12.5,6.7,7.4,6.2,4.2,3.8,4.7,2.2,2.4,1.9,2.0,2.6,1.1,1.2,1.6,0.6,0.8,1.1,0,0.3,0.1,0.7,0.5,0.7,0,0,0,0,0,0,0
84,新竹市,1.8,1.8,1.8,3.8,3.2,4.5,4.6,5.0,4.3,2.8,3.0,2.5,1.0,1.2,0.6,1.2,1.1,1.3,1.1,1.1,1.2,1.2,1.7,0.4,1.1,1.6,0,1.1,1.6,0,0,0,0,0,0,0
84,臺北縣,1.9,1.9,1.8,5.5,3.6,7.9,5.3,6.6,4.4,2.5,2.9,1.9,1.3,1.7,0.7,1.0,1.2,0.7,0.9,0.9,0.7,0.9,0.9,0.9,0.9,1.3,0,0.9,1.1,0.5,0.7,0.6,1.0,0.3,0.3,0
84,宜蘭縣,1.9,1.9,1.9,5.5,4.2,6.7,4.6,4.8,4.4,2.4,2.7,1.8,1.9,2.2,1.4,2.0,2.8,0.5,0.3,0.3,0.2,0.2,0.2,0.3,0.9,1.1,0.3,0.4,0.4,0.3,0,0,0,0,0,0
84,桃園縣,1.2,1.2,1.2,4.5,2.6,6.8,3.8,4.3,3.4,1.4,1.7,1.0,0.5,0.6,0.3,0.8,1.1,0.2,0.7,0.9,0.4,0.0,0,0.1,0.4,0.5,0,0.1,0.1,0,0.4,0.4,0,0.1,0,1.9
84,新竹縣,1.3,1.0,1.6,3.2,1.7,4.8,3.7,2.8,4.4,2.2,2.3,2.0,0.7,1.0,0.1,0.7,0.5,1.1,0.1,0,0.4,0.4,0.6,0,0.4,0.6,0,0.6,0.2,2.2,0,0,0,1.7,2.0,0
84,中部區域,1.8,1.8,1.8,4.8,4.4,5.3,5.2,5.7,4.8,2.7,2.9,2.3,1.2,1.3,1.0,1.2,1.3,0.8,0.8,1.0,0.4,0.7,0.9,0.2,0.6,0.6,0.5,0.3,0.4,0.2,0.3,0.4,0,0,0,0
84,臺中市,2.4,2.8,1.9,6.4,5.9,7.1,5.3,5.4,5.2,4.0,5.6,2.0,2.2,2.5,1.8,1.7,2.5,0.6,0.9,1.3,0.3,2.0,2.9,0.2,1.0,0.9,1.1,0.1,0.2,0,0.3,0.4,0,0,0,0
84,苗栗縣,2.0,1.8,2.4,5.0,5.1,4.8,7.3,8.2,6.5,2.9,2.6,3.3,1.1,1.3,0.6,1.1,1.0,1.4,0.7,0.7,0.7,0.4,0.4,0.3,0.5,0.6,0.4,0.2,0.2,0,0.2,0.3,0,0,0,0
84,臺中縣,2.2,2.2,2.2,5.4,4.9,6.0,6.5,8.0,5.4,2.8,3.3,2.2,1.3,1.5,1.1,1.4,1.4,1.4,0.8,1.1,0.1,0.6,0.7,0.4,1.1,1.0,1.4,0.7,0.9,0,0.6,0.7,0,0,0,0
84,彰化縣,1.4,1.3,1.4,3.3,3.3,3.4,3.9,3.8,3.9,2.2,2.4,1.8,0.8,0.9,0.8,0.6,0.8,0.3,1.0,1.2,0.6,0.4,0.6,0,0.4,0.5,0.2,0.5,0.4,0.7,0.3,0.4,0,0,0,0
84,南投縣,1.6,1.3,2.3,5.9,4.0,8.0,5.6,4.3,6.9,2.3,1.9,2.9,0.8,0.8,0.9,1.0,1.4,0.2,0.8,0.6,1.1,0.3,0.4,0,0.4,0.5,0.3,0.3,0.4,0,0.4,0.5,0,0,0,0
84,雲林縣,1.0,1.1,0.9,4.2,4.0,4.3,3.1,4.5,1.9,1.9,1.7,2.2,0.4,0.5,0.4,0.9,1.0,0.6,0.3,0.5,0,0.2,0.3,0,0.1,0.2,0,0,0,0,0.1,0.1,0,0,0,0
84,南部區域,1.7,1.7,1.7,6.1,5.2,7.0,4.9,5.4,4.6,2.3,2.3,2.3,1.4,1.8,0.6,0.9,1.1,0.6,0.8,0.8,0.7,0.7,1.0,0.2,0.5,0.8,0.1,0.3,0.2,0.3,0.2,0.3,0,0.1,0.2,0
84,高雄市,1.8,1.8,1.9,6.4,5.8,6.9,5.4,6.0,5.0,2.6,2.7,2.5,1.8,2.5,0.4,0.8,1.0,0.5,0.9,1.0,0.7,0.6,0.8,0,0.4,0.6,0,0.1,0.1,0.3,0,0,0,0,0,0
84,嘉義市,1.9,1.7,2.2,7.8,5.7,9.9,5.5,4.6,6.2,3.6,3.5,3.7,1.8,1.5,2.1,1.0,1.4,0.2,0.6,1.0,0,0.6,0.9,0,0.5,0.8,0,0,0,0,0,0,0,0,0,0
84,臺南市,2.3,2.5,2.1,6.1,5.8,6.4,6.0,6.8,5.5,3.4,3.4,3.4,1.4,1.9,0.8,1.6,2.1,0.8,1.6,2.1,1.0,1.0,1.6,0.2,1.4,2.1,0,0.8,0.7,1.1,1.1,1.6,0,0,0,0
84,嘉義縣,1.7,1.8,1.5,6.1,7.2,4.8,5.8,6.9,4.7,2.3,2.1,2.6,1.2,1.5,0.5,0.7,0.8,0.5,0.8,1.0,0.5,1.0,1.3,0.3,0.3,0.4,0,0.1,0.1,0,0.2,0.3,0,0,0,0
84,臺南縣,1.1,1.0,1.3,7.8,6.5,9.0,3.6,3.6,3.6,1.1,1.1,1.1,1.0,1.3,0.5,0.3,0.5,0,0.4,0.3,0.5,0.3,0.5,0,0.3,0.4,0,0.2,0.4,0,0.1,0.1,0,0,0,0
84,高雄縣,2.1,2.0,2.1,5.2,2.6,7.8,5.5,5.9,5.2,2.6,2.9,2.2,1.9,2.6,0.8,1.5,1.6,1.3,0.7,0.4,1.0,1.1,1.6,0.4,0.9,1.1,0.4,0.1,0.2,0,0.2,0.2,0,0.6,0.8,0
84,屏東縣,1.0,1.1,1.0,4.6,4.4,4.8,3.3,4.0,2.6,1.4,1.3,1.6,0.4,0.6,0,0.7,0.9,0.1,0.4,0.5,0.3,0.4,0.4,0.4,0.2,0.3,0,0.4,0.3,0.8,0.4,0.5,0,0,0,0
84,澎湖縣,1.5,1.5,1.7,6.0,5.1,6.7,3.8,4.5,3.3,2.0,2.2,1.4,1.8,2.2,0.6,0,0,0,0.3,0.4,0,0.4,0.5,0,0,0,0,0,0,0,0,0,0,0,0,0
84,東部區域,2.2,2.2,2.1,7.2,7.7,6.6,5.5,6.8,4.3,3.1,3.1,3.2,1.8,1.6,2.3,0.7,0.7,0.6,1.1,1.5,0.4,0.8,1.2,0.2,0.4,0.6,0,1.3,1.9,0,0.9,0.9,1.2,0.4,0.2,1.0
84,臺東縣,2.2,2.3,2.1,7.7,8.4,6.9,5.8,7.6,4.3,3.0,2.7,3.5,1.5,1.5,1.4,0.6,0.5,0.9,1.4,2.1,0.3,1.1,1.7,0,0,0,0,0.9,1.4,0,1.0,0.5,2.4,0,0,0
84,花蓮縣,2.2,2.2,2.0,6.8,7.2,6.3,5.2,6.2,4.3,3.2,3.4,2.9,2.0,1.6,2.8,0.7,0.9,0.4,0.9,1.2,0.5,0.7,0.9,0.4,0.7,1.0,0,1.7,2.2,0,0.9,1.2,0,0.7,0.4,2.0
85,臺灣地區,2.60,2.72,2.42,7.47,6.56,8.45,6.72,7.41,6.21,3.65,4.00,3.16,2.08,2.40,1.55,1.65,2.00,1.10,1.49,1.96,0.74,1.37,1.81,0.59,1.20,1.61,0.35,1.05,1.37,0.23,0.65,0.77,0.29,0.15,0.17,0.04
85,北部區域,2.6,2.7,2.4,7.6,6.0,9.3,6.7,7.6,6.1,3.5,4.0,2.9,2.0,2.3,1.6,1.6,1.9,1.1,1.6,2.0,0.9,1.5,2.0,0.7,1.4,1.8,0.3,1.2,1.5,0.2,1.0,1.1,0.7,0.2,0.2,0
85,臺北市,2.9,3.1,2.7,8.2,5.5,11.0,8.9,9.8,8.4,4.3,5.2,3.4,2.5,2.8,2.1,2.1,2.7,1.3,1.8,2.2,1.2,1.7,2.3,0.8,1.4,1.7,0.7,0.9,1.2,0.2,0.9,1.1,0.4,0.3,0.4,0
85,基隆市,3.7,3.9,3.3,13.5,13.1,14.0,9.5,13.4,7.0,4.7,5.3,4.0,2.9,3.6,1.6,1.5,1.7,1.2,1.1,1.1,1.1,1.7,2.5,0.1,2.6,3.6,0,2.0,2.3,0.7,1.0,1.3,0,0.6,0.8,0
85,新竹市,1.8,1.9,1.8,3.8,3.4,4.2,4.7,4.5,4.9,3.0,3.4,2.5,1.4,1.7,1.0,0.9,0.9,0.9,1.3,1.7,0.7,1.8,2.5,0.8,0.6,0.9,0,0.1,0,0.5,0,0,0,0,0,0
85,臺北縣,2.6,2.8,2.3,7.1,6.0,8.5,5.8,6.9,5.0,3.3,3.8,2.6,2.0,2.3,1.6,1.6,1.8,1.2,1.8,2.4,0.9,1.7,2.1,0.9,1.5,2.1,0.1,1.3,1.7,0,1.4,1.7,0.6,0.2,0.2,0
85,宜蘭縣,3.2,3.4,3.0,9.4,6.6,12.2,5.7,3.9,7.3,4.2,4.9,3.2,3.1,3.8,1.8,2.0,2.8,0.6,2.1,2.5,1.4,2.1,3.0,0.4,1.5,2.2,0,2.8,3.6,0.5,1.3,1.6,0,0.2,0.2,0
85,桃園縣,2.1,1.9,2.3,6.7,4.1,9.1,6.9,8.1,6.0,2.8,2.9,2.7,1.0,1.1,1.0,1.2,1.3,1.0,0.8,1.1,0.4,0.6,0.8,0.3,0.8,1.1,0,0.9,1.1,0,0.9,0.4,3.8,0,0,0
85,新竹縣,1.6,1.6,1.4,7.8,8.6,7.3,3.8,4.7,3.1,1.6,1.9,1.1,1.3,1.4,1.0,0.4,0.4,0.4,1.2,1.5,0.6,1.2,1.8,0,0.8,1.0,0.4,0.3,0,1.2,0.5,0.6,0,0,0,0
85,中部區域,2.4,2.4,2.3,7.4,6.6,8.5,6.6,7.4,5.9,3.6,3.8,3.3,1.8,2.0,1.3,1.2,1.6,0.6,1.2,1.6,0.5,0.8,1.0,0.3,1.0,1.3,0.2,0.7,0.9,0.1,0.3,0.4,0.2,0.2,0.2,0.1
85,臺中市,2.9,3.0,2.7,8.9,6.4,11.9,7.9,8.2,7.8,5.2,6.6,3.7,2.3,2.4,2.3,1.2,1.7,0.4,1.7,2.4,0.4,0.9,1.2,0.3,0.6,0.8,0,0.8,1.1,0,0.7,0.9,0,0.3,0,2.4
85,苗栗縣,2.3,2.3,2.5,10.0,9.9,10.2,7.3,8.0,6.7,3.0,3.0,2.9,1.4,1.7,1.0,1.5,1.7,1.1,0.8,1.1,0.1,0.9,1.1,0.5,1.1,1.6,0,0.5,0.7,0,0,0,0,0,0,0
85,臺中縣,2.5,2.7,2.3,8.5,8.4,8.7,6.2,7.5,5.2,3.2,3.0,3.4,1.7,2.2,0.8,1.6,2.1,0.6,1.2,1.7,0.3,0.7,1.1,0,1.3,1.8,0,0.5,0.7,0,0.4,0.5,0,0,0,0
85,彰化縣,2.1,2.1,2.1,5.7,4.6,7.1,6.3,7.1,5.6,3.3,3.5,3.0,1.8,2.2,0.7,1.1,1.4,0.6,0.6,0.8,0.2,0.6,0.7,0.2,0.8,0.9,0.5,0.9,1.2,0.2,0.5,0.6,0.3,0,0,0
85,南投縣,2.6,2.5,2.7,6.4,7.3,5.4,8.1,8.5,7.8,4.3,4.2,4.3,1.7,1.7,1.5,0.8,0.8,0.8,2.0,2.2,1.7,0.7,1.0,0.2,1.4,2.0,0.2,0.9,1.3,0,0.5,0.5,0.5,1.6,2.1,0
85,雲林縣,1.9,1.9,1.8,6.0,3.8,8.8,5.1,5.9,4.3,3.2,3.4,2.8,1.4,1.4,1.6,0.8,1.1,0.2,1.2,1.5,0.8,0.9,1.0,0.7,0.8,1.1,0.4,0.4,0.7,0,0,0,0,0,0,0
85,南部區域,2.7,2.9,2.4,7.1,7.1,7.1,6.8,7.2,6.5,3.8,4.1,3.3,2.4,2.8,1.6,2.0,2.4,1.3,1.5,2.1,0.6,1.5,2.0,0.6,1.1,1.5,0.4,1.2,1.5,0.4,0.5,0.6,0.1,0.1,0.1,0
85,高雄市,3.1,3.0,3.1,7.3,6.2,8.2,8.5,8.9,8.2,3.6,3.9,3.3,2.8,3.0,2.5,1.8,2.2,1.1,2.1,2.7,0.9,1.5,1.8,0.9,1.4,1.7,0.6,1.6,1.9,0.7,0.7,0.8,0,0,0,0
85,嘉義市,2.0,2.2,1.6,4.6,8.2,2.0,3.6,4.2,3.1,2.6,2.5,2.6,1.6,2.1,0.8,2.2,2.4,1.9,0.9,1.4,0,1.4,1.7,0.8,2.3,2.5,1.8,0,0,0,2.6,2.3,3.1,1.6,2.0,0
85,臺南市,3.5,3.9,3.1,7.3,6.4,8.3,9.0,9.7,8.5,5.8,6.6,4.7,2.6,3.1,2.0,2.8,3.4,2.1,2.1,3.1,0.6,1.7,2.3,0.8,1.4,1.7,0.9,1.4,2.0,0.3,0.1,0.2,0,0,0,0
85,嘉義縣,2.2,2.3,2.0,5.4,4.8,6.0,5.1,4.2,6.1,3.5,3.6,3.2,1.6,1.9,0.8,2.0,2.4,1.0,1.6,2.1,0.6,1.1,1.7,0,1.0,1.2,0.8,0.2,0.3,0.1,0.7,1.0,0,0,0,0
85,臺南縣,2.2,2.2,2.2,6.7,6.7,6.7,5.6,5.9,5.4,3.7,3.5,4.0,1.7,1.7,1.8,1.9,2.3,1.3,0.8,1.0,0.4,1.0,1.4,0.2,0.6,0.8,0.1,1.4,1.9,0.4,0.6,1.0,0,0,0,0
85,高雄縣,2.8,3.4,2.0,6.9,8.4,5.5,7.1,8.5,6.1,3.5,4.9,1.6,2.9,4.1,1.0,1.6,1.9,1.2,1.5,2.0,0.8,1.9,2.5,0.9,1.2,1.9,0,1.2,1.6,0.4,0,0,0,0,0,0
85,屏東縣,2.6,2.8,2.4,8.8,8.5,9.2,5.8,6.3,5.4,3.4,2.8,4.5,2.5,3.1,1.4,2.0,2.6,1.0,1.2,1.8,0.2,1.9,2.7,0.4,1.0,1.4,0.2,1.5,1.8,0.7,0.2,0.3,0,0,0,0
85,澎湖縣,1.9,2.0,1.5,11.1,11.9,10.0,2.3,2.8,1.8,2.7,3.8,0.6,1.6,2.3,0,1.7,1.8,1.5,0,0,0,0.2,0.3,0,0,0,0,0.4,0.5,0,0,0,0,0,0,0
85,東部區域,3.4,3.6,3.1,9.9,9.5,10.3,6.6,7.0,6.3,4.9,5.0,4.7,2.9,3.3,2.1,2.9,3.2,2.2,1.9,2.5,0.8,2.4,3.2,1.0,1.6,2.1,0.7,1.8,2.5,0,1.8,2.3,0.4,0,0,0
85,臺東縣,3.4,3.3,3.6,12.1,10.6,13.7,8.4,8.7,8.2,4.3,4.0,4.9,2.9,3.2,2.2,2.7,2.9,2.3,1.2,1.7,0.3,2.1,2.8,1.1,1.6,1.7,1.6,0.7,1.1,0,1.3,1.5,0.7,0,0,0
85,花蓮縣,3.4,3.9,2.7,7.8,8.3,7.3,5.2,5.6,4.9,5.3,5.8,4.5,2.9,3.3,2.0,3.0,3.5,2.2,2.3,3.0,1.1,2.6,3.6,0.9,1.7,2.5,0,2.7,3.7,0,2.4,3.0,0,0,0,0
86,臺灣地區,2.72,2.94,2.37,7.35,6.52,8.25,6.76,7.46,6.23,3.68,4.11,3.09,2.15,2.64,1.34,1.84,2.33,1.05,1.63,2.08,0.89,1.61,2.10,0.73,1.76,2.34,0.53,1.31,1.71,0.31,0.80,1.01,0.21,0.28,0.32,0.12
86,北部區域,2.7,3.0,2.3,6.7,6.1,7.4,6.5,7.5,5.9,3.7,4.3,2.9,2.1,2.6,1.4,1.8,2.3,1.1,1.6,2.0,1.0,1.6,2.0,0.9,2.0,2.6,0.7,1.8,2.3,0.2,1.2,1.4,0.5,0.5,0.6,0.2
86,臺北市,2.9,3.2,2.5,7.9,7.7,8.2,8.1,8.5,7.9,4.4,5.6,3.3,2.7,3.2,2.0,2.2,2.5,1.7,1.4,1.8,0.9,1.8,2.2,1.1,2.1,2.7,1.1,2.0,2.8,0,1.1,1.3,0.5,0.4,0.5,0
86,基隆市,4.0,4.7,2.9,9.9,7.7,12.2,8.5,12.2,6.1,5.9,6.6,4.8,2.9,4.1,0.7,2.9,4.1,0.7,2.4,3.3,0.8,2.6,3.3,1.2,1.7,2.2,0,2.2,2.8,0,1.2,1.5,0,1.7,2.1,0
86,新竹市,2.1,2.4,1.8,6.2,4.8,8.0,4.4,5.0,4.0,2.4,2.4,2.4,1.6,2.2,0.9,1.0,1.4,0.5,1.8,2.4,1.1,2.3,3.4,0.6,2.2,2.8,1.1,0.7,1.0,0,0.9,1.2,0,0.4,0,2.2
86,臺北縣,2.7,3.0,2.3,6.2,6.0,6.5,6.1,6.8,5.5,3.7,4.1,3.1,1.7,2.1,1.2,1.5,2.1,0.7,1.8,2.2,1.2,1.6,2.0,0.9,2.7,3.5,0.8,2.2,2.8,0.5,1.5,1.6,0.9,1.0,1.1,0
86,宜蘭縣,3.3,3.7,2.5,7.1,5.3,9.0,7.4,10.3,5.1,4.5,5.1,3.5,2.5,2.7,2.0,2.2,3.1,0.7,2.3,3.1,1.0,1.7,2.2,0.8,2.4,3.5,0,2.1,2.7,0,1.2,1.6,0,0.7,0.8,0
86,桃園縣,2.3,2.5,2.0,6.7,5.7,7.7,6.3,7.2,5.7,2.5,3.0,1.9,2.1,2.9,0.9,1.8,2.3,1.0,1.2,1.7,0.5,0.7,0.9,0.4,0.6,0.8,0,0.9,1.1,0,1.0,1.2,0,0,0,0
86,新竹縣,1.5,1.7,1.2,4.4,4.9,3.9,3.3,4.6,2.3,2.1,2.9,0.9,1.0,1.2,0.7,1.4,1.6,1.2,0.6,0.3,1.1,1.1,1.6,0.3,0.5,0.7,0,1.0,1.3,0,0.7,0.7,1.0,0,0,0
86,中部區域,2.4,2.4,2.3,6.7,5.9,7.7,6.2,6.4,6.0,3.3,3.6,3.0,1.9,2.3,1.0,1.4,1.8,0.8,1.2,1.6,0.5,1.2,1.6,0.5,1.2,1.5,0.6,0.8,1.0,0.3,0.6,0.8,0.2,0.3,0.3,0.2
86,臺中市,2.9,3.1,2.6,10.4,9.2,11.6,6.8,7.1,6.6,5.0,6.1,3.9,2.5,3.2,1.6,1.6,2.3,0.6,1.5,1.9,1.0,1.1,1.6,0.2,0.6,0.8,0.4,0.7,1.0,0,0.7,0.9,0,1.0,0.8,2.0
86,苗栗縣,2.2,2.2,2.2,5.9,4.0,7.6,5.6,6.5,4.8,2.6,2.8,2.4,2.0,2.8,0.4,1.8,1.6,2.0,1.0,1.3,0.6,1.3,1.1,1.7,1.7,2.0,1.1,0.8,1.0,0,0.4,0.6,0,0.4,0.4,0
86,臺中縣,2.7,2.8,2.4,6.5,6.3,6.8,6.1,7.2,5.3,3.8,3.9,3.7,1.8,2.3,0.9,1.6,1.8,1.2,1.4,2.1,0.2,1.3,1.9,0.1,1.6,1.7,1.3,1.4,1.4,1.3,1.2,1.6,0,0,0,0
86,彰化縣,1.9,1.9,1.9,4.8,4.7,4.8,5.7,5.7,5.8,2.6,2.6,2.5,1.1,1.3,0.7,1.0,1.3,0.4,0.9,1.1,0.4,1.1,1.5,0.2,1.0,1.4,0,0.7,0.9,0.2,0.5,0.6,0.4,0.4,0.5,0
86,南投縣,2.6,2.7,2.5,5.8,4.0,7.5,7.3,6.6,8.0,3.4,3.6,3.0,2.6,3.3,1.3,1.8,2.6,0.2,1.4,2.0,0.4,1.3,1.1,1.5,2.0,2.7,0.8,0.6,0.9,0,1.2,1.5,0.4,0.3,0.4,0
86,雲林縣,2.0,1.9,2.1,9.0,6.5,12.4,6.1,5.2,6.9,2.2,2.7,1.2,1.8,2.0,1.4,1.1,1.6,0.1,0.7,0.8,0.4,1.1,1.5,0.4,0.7,0.9,0.3,0.3,0.5,0,0,0,0,0,0,0
86,南部區域,3.0,3.2,2.6,8.4,7.0,9.9,7.5,8.3,6.9,4.0,4.3,3.5,2.4,2.9,1.5,2.2,2.7,1.2,2.0,2.5,1.1,2.0,2.7,0.7,1.7,2.4,0.3,1.2,1.6,0.4,0.6,0.9,0.0,0.1,0.1,0.1
86,高雄市,3.7,3.8,3.5,12.0,9.5,14.4,9.9,10.5,9.4,5.4,5.8,4.9,2.7,3.2,1.8,1.7,2.5,0.5,1.8,2.2,1.2,2.4,3.1,1.0,2.2,2.9,0.2,1.4,1.8,0,1.0,1.2,0,0,0,0
86,嘉義市,2.4,2.8,1.8,5.9,8.5,2.9,4.6,3.3,5.4,3.4,5.1,1.2,2.3,2.1,2.6,2.9,3.6,1.6,1.4,1.7,0.8,2.3,3.3,0,0.8,1.2,0,0.7,1.0,0,0.7,0.9,0,0,0,0
86,臺南市,3.9,4.6,3.0,11.4,10.3,12.7,7.7,7.2,8.0,5.1,5.8,4.3,2.9,4.2,1.3,3.3,4.4,1.9,3.7,5.2,1.4,2.3,3.4,0.5,2.1,2.7,1.1,1.6,2.4,0,0.4,0.3,0.5,0.9,0.9,0.8
86,嘉義縣,2.4,2.5,2.2,6.1,5.0,7.3,5.6,6.3,5.0,3.5,4.0,2.4,2.7,2.8,2.4,2.8,2.8,2.7,1.1,1.4,0.6,1.3,1.9,0.3,0.7,1.0,0.3,0.5,0.3,0.8,0.3,0.5,0,0,0,0
86,臺南縣,2.3,2.5,1.9,7.7,6.9,8.5,6.6,7.9,5.6,2.8,3.0,2.6,1.7,2.3,0.6,1.8,2.4,0.8,1.2,1.5,0.7,1.5,1.9,0.9,1.1,1.4,0.4,1.4,1.9,0.6,0.5,0.8,0,0,0,0
86,高雄縣,2.9,3.2,2.5,5.4,4.0,6.7,7.8,9.0,6.9,3.6,3.9,3.2,2.4,3.0,1.3,1.9,2.5,0.9,1.9,2.4,1.1,2.0,2.6,1.1,2.2,3.4,0,1.2,1.5,0.6,0.6,0.9,0,0,0,0
86,屏東縣,3.0,3.2,2.5,9.5,7.2,12.1,6.4,8.0,5.1,3.5,3.7,3.2,2.3,2.6,1.8,2.1,2.2,1.8,2.5,3.0,1.6,1.9,2.9,0,2.1,3.1,0.1,1.6,2.1,0.4,1.0,1.5,0,0,0,0
86,澎湖縣,1.6,1.6,1.5,4.8,8.6,0.6,5.7,6.3,5.3,1.2,1.6,0.7,1.6,1.8,1.3,1.7,1.9,1.3,0.6,0.9,0,0,0,0,0.2,0,0.6,0,0,0,0,0,0,0,0,0
86,東部區域,3.3,3.7,2.5,12.1,13.8,10.0,7.5,8.7,6.5,3.5,3.7,3.0,2.7,2.9,2.4,2.2,3.0,0.8,2.5,3.6,0.6,1.6,2.2,0.5,2.7,4.1,0,1.8,2.5,0.3,1.1,1.2,0.7,0,0,0
86,臺東縣,3.0,3.4,2.4,15.1,18.2,10.9,7.6,6.7,8.5,1.9,2.3,1.3,1.9,2.1,1.4,2.1,3.0,0.3,2.0,2.8,0.7,2.1,3.2,0.3,2.6,4.2,0,1.5,2.0,0.6,1.4,1.5,1.3,0,0,0
86,花蓮縣,3.5,4.0,2.6,9.7,9.9,9.4,7.4,10.5,5.2,4.6,4.9,4.1,3.3,3.5,2.9,2.3,3.0,1.1,2.8,4.1,0.6,1.2,1.5,0.7,2.8,4.1,0,2.1,2.9,0,0.8,1.0,0,0,0,0
87,臺灣地區,2.69,2.93,2.33,8.26,8.23,8.29,7.01,8.20,6.13,3.61,4.07,2.99,2.06,2.45,1.44,1.76,2.21,1.04,1.60,2.01,0.96,1.64,2.17,0.68,1.60,2.01,0.73,1.20,1.55,0.32,0.68,0.89,0.09,0.19,0.17,0.27
87,北部區域,2.6,2.9,2.2,7.8,8.2,7.4,6.9,8.5,5.8,3.6,4.2,2.9,1.9,2.3,1.4,1.7,2.1,1.1,1.6,2.0,1.1,1.6,2.2,0.7,1.7,2.2,0.7,1.5,1.9,0.4,1.2,1.4,0.1,0.3,0.1,1.4
87,臺北市,2.6,2.9,2.2,8.0,9.7,6.1,7.1,9.1,5.9,4.5,5.3,3.8,2.4,2.8,2.0,1.9,2.3,1.5,1.6,1.9,1.2,1.5,2.0,0.6,1.0,1.2,0.6,0.8,1.0,0.3,1.2,1.6,0,0,0,0
87,基隆市,4.0,4.2,3.6,10.9,11.1,10.7,11.8,14.4,10.1,5.3,5.4,5.1,3.1,4.0,1.5,2.3,2.5,2.0,2.0,3.1,0.2,1.9,2.7,0.4,2.4,2.7,1.6,1.9,2.4,0,1.0,1.2,0,0,0,0
87,新竹市,2.5,2.9,1.9,6.7,7.6,5.7,6.0,9.4,3.9,2.2,2.3,2.2,2.0,2.6,1.3,1.8,2.9,0.4,2.4,2.0,2.9,1.3,1.7,0.7,2.0,2.3,1.4,1.1,1.6,0,1.3,1.6,0,0.7,0,3.6
87,臺北縣,2.8,3.1,2.4,7.9,7.6,8.4,7.2,8.4,6.3,3.4,3.9,2.7,1.6,2.0,1.1,1.8,2.1,1.2,1.6,2.0,1.0,1.9,2.5,0.7,2.3,2.9,0.8,2.0,2.4,0.8,1.5,1.8,0.3,0.8,0.2,4.2
87,宜蘭縣,3.4,3.7,3.0,7.4,4.2,10.5,6.9,9.3,5.2,4.0,5.0,2.4,2.8,2.8,2.8,2.1,2.4,1.7,3.0,3.5,2.2,1.7,1.8,1.6,4.4,5.3,2.3,4.1,5.2,0.3,1.0,1.2,0,0.2,0.3,0
87,桃園縣,2.1,2.3,1.7,6.2,6.5,5.9,5.3,6.4,4.5,2.9,3.4,2.2,1.7,1.9,1.3,1.1,1.5,0.4,1.2,1.7,0.3,1.3,1.7,0.4,0.8,1.2,0,0.4,0.6,0,0.5,0.6,0,0,0,0
87,新竹縣,2.3,2.7,1.5,11.0,18.2,3.9,6.2,8.3,4.6,2.5,3.8,0.9,0.7,1.1,0,1.1,1.6,0.3,2.0,1.6,2.6,1.4,1.3,1.5,1.4,2.1,0,1.1,1.5,0,1.3,1.6,0,0,0,0
87,中部區域,2.3,2.4,2.2,7.8,7.2,8.3,6.6,7.6,5.8,3.2,3.4,2.8,1.7,2.0,1.2,1.4,1.8,0.8,1.2,1.6,0.6,1.2,1.6,0.3,1.0,1.2,0.6,0.6,0.8,0.0,0.2,0.2,0,0.1,0.2,0
87,臺中市,2.8,3.1,2.4,7.2,5.5,9.5,8.2,10.2,7.0,4.4,4.8,4.0,1.8,2.4,0.9,1.6,2.3,0.6,1.7,2.2,1.0,1.4,1.8,0.6,1.3,1.7,0.5,1.5,2.0,0,0.4,0.5,0,0.7,0.9,0
87,苗栗縣,2.1,2.1,2.0,8.6,8.7,8.6,4.9,6.9,3.4,3.0,3.0,3.0,1.7,1.8,1.4,1.3,1.3,1.1,1.4,2.0,0.3,0.7,1.1,0,1.0,0.5,2.0,0.6,0.8,0,0.7,0.9,0,0.2,0.3,0
87,臺中縣,2.5,2.7,2.3,7.2,6.9,7.5,6.3,6.3,6.3,3.9,4.6,2.9,1.6,1.9,1.0,1.4,1.7,0.9,1.0,1.5,0.1,1.7,2.4,0.3,1.7,2.0,0.9,0.8,1.0,0.2,0.2,0.3,0,0,0,0
87,彰化縣,1.8,1.8,1.7,5.7,5.7,5.8,5.5,6.6,4.7,1.9,2.0,1.9,1.7,1.9,1.2,1.1,1.5,0.1,0.7,1.0,0.2,0.9,1.3,0,0.5,0.5,0.5,0.3,0.4,0,0.1,0.1,0,0.2,0.2,0
87,南投縣,2.5,2.2,2.9,11.8,12.5,11.0,8.8,8.2,9.3,2.8,2.6,3.1,1.0,0.8,1.5,1.5,1.8,1.1,1.9,2.0,1.6,1.1,1.4,0.4,0.9,1.3,0.2,0.4,0.6,0,0,0,0,0,0,0
87,雲林縣,2.3,2.4,2.1,9.4,7.5,11.2,6.9,9.5,4.6,2.7,3.1,2.1,2.3,2.5,1.7,1.8,2.1,1.2,1.3,1.2,1.4,0.7,0.8,0.6,0.7,1.0,0,0.3,0.5,0,0,0,0,0,0,0
87,南部區域,3.0,3.3,2.6,9.2,9.1,9.3,7.6,8.6,6.9,3.9,4.5,3.2,2.6,3.1,1.7,2.1,2.7,1.1,1.8,2.3,1.0,2.1,2.6,1.0,1.8,2.3,0.8,1.5,1.9,0.5,0.8,1.0,0.2,0.2,0.3,0
87,高雄市,3.4,3.7,3.0,10.4,10.9,9.8,9.0,10.1,8.2,4.6,5.6,3.4,3.2,3.9,2.2,1.9,2.5,1.1,1.5,2.0,0.6,2.2,2.5,1.4,2.1,2.4,1.3,2.1,2.7,0.3,1.5,1.7,0,0,0,0
87,嘉義市,2.5,3.0,1.8,4.5,1.8,7.7,5.9,6.4,5.7,2.4,2.9,1.8,3.3,3.9,2.4,2.3,3.4,0.5,1.4,2.1,0.3,1.8,2.8,0.1,0.8,1.1,0.2,1.4,2.0,0,3.0,4.3,0,0,0,0
87,臺南市,3.9,4.5,3.1,9.7,10.6,8.7,10.9,11.7,10.3,5.3,6.9,3.6,2.7,3.9,1.2,2.9,4.1,1.4,2.2,2.8,1.4,2.9,3.6,1.6,1.8,2.7,0.1,0.9,1.2,0.2,0.8,0.5,1.5,0.3,0.4,0
87,嘉義縣,2.5,2.8,1.8,10.5,12.3,8.6,7.2,8.1,6.2,2.8,3.3,1.8,1.9,2.5,0.4,1.9,2.5,0.6,1.2,1.7,0.3,1.0,1.6,0,1.5,2.2,0.3,1.3,1.5,1.0,0.3,0.4,0,0.7,1.0,0
87,臺南縣,2.9,3.3,2.3,9.2,10.0,8.5,7.1,9.6,5.2,3.3,3.8,2.7,2.3,2.7,1.5,2.5,3.1,1.5,2.2,2.7,1.4,2.2,3.1,0.8,1.8,1.7,1.9,1.4,1.6,1.0,0.7,1.1,0,0,0,0
87,高雄縣,2.9,3.0,2.8,6.3,5.3,7.5,6.2,6.2,6.2,4.0,3.7,4.3,2.8,3.0,2.6,1.9,2.2,1.4,2.2,2.6,1.4,1.6,2.1,0.7,1.8,2.6,0.2,1.4,2.0,0,0.7,0.8,0.4,0.3,0.3,0
87,屏東縣,2.8,3.1,2.3,12.4,10.3,14.8,6.4,7.5,5.6,3.8,4.3,2.9,1.6,2.1,0.7,1.6,2.2,0.5,1.5,2.1,0.4,2.4,3.0,1.2,2.1,2.8,0.8,1.5,1.7,0.7,0.6,0.9,0,0,0,0
87,澎湖縣,1.7,1.7,1.8,4.4,4.7,4.2,6.9,8.0,6.1,2.5,2.5,2.6,1.3,1.9,0,0.5,0.6,0.4,0.5,0.7,0,0.1,0,0.4,0.2,0.2,0,0.7,0.8,0,0,0,0,0,0,0
87,東部區域,3.0,3.4,2.4,10.1,10.1,10.0,6.0,6.2,5.8,4.0,4.1,3.7,2.6,3.3,1.2,2.3,3.2,0.7,2.1,2.6,1.1,1.6,2.3,0.3,2.3,3.1,0.8,1.2,1.8,0,0.6,0.8,0,0,0,0
87,臺東縣,3.3,3.7,2.6,13.1,12.1,14.3,5.9,5.7,6.2,3.4,3.8,2.6,3.2,4.1,0.8,2.7,3.7,0.5,2.6,3.3,1.3,1.6,2.4,0.3,2.6,3.5,1.0,1.5,2.2,0,0.4,0.6,0,0,0,0
87,花蓮縣,2.8,3.1,2.4,7.5,8.5,6.5,6.0,6.5,5.6,4.4,4.4,4.5,2.2,2.6,1.4,2.1,2.9,0.8,1.7,2.2,0.9,1.6,2.3,0.3,2.0,2.7,0.6,1.0,1.5,0,0.8,0.9,0,0,0,0
88,臺灣地區,2.92,3.23,2.46,9.03,8.62,9.50,6.83,7.96,5.99,3.82,4.36,3.11,2.42,2.85,1.75,2.08,2.59,1.28,1.87,2.45,0.95,1.89,2.40,1.02,1.79,2.43,0.45,1.35,1.73,0.41,0.87,1.08,0.25,0.29,0.33,0.18
88,北部區域,2.8,3.2,2.3,7.7,8.1,7.2,6.4,7.6,5.5,3.7,4.4,2.9,2.5,2.9,1.9,1.9,2.4,1.3,1.8,2.3,0.9,1.9,2.3,1.1,1.8,2.5,0.6,1.6,2.1,0.2,1.2,1.4,0.3,0.3,0.4,0
88,臺北市,2.9,3.3,2.3,9.9,11.7,7.7,8.1,10.8,6.4,4.7,5.7,3.6,2.8,3.1,2.5,2.2,3.1,1.1,1.7,2.3,1.0,1.6,2.0,0.8,1.3,1.6,0.7,1.0,1.3,0.2,0.8,1.1,0,0.5,0.6,0
88,基隆市,4.2,4.5,3.8,9.9,10.1,9.7,10.3,11.0,9.8,5.0,6.1,3.4,4.1,4.7,3.0,3.2,3.8,2.2,2.5,2.8,2.0,2.9,3.6,1.5,2.5,3.1,0.9,1.7,2.2,0,0.1,0.1,0,0,0,0
88,新竹市,2.7,3.3,1.9,5.6,7.3,4.2,4.8,5.4,4.4,3.0,3.4,2.5,3.4,4.7,1.7,1.7,2.5,0.5,1.8,2.1,1.3,1.8,2.3,1.1,2.6,3.2,1.7,2.6,3.9,0,1.2,1.8,0,0,0,0
88,臺北縣,3.0,3.4,2.5,7.8,7.2,8.6,6.5,7.2,6.0,3.6,4.1,3.1,2.5,2.9,1.8,1.8,2.1,1.4,2.0,2.7,0.9,2.3,3.0,1.1,2.4,3.2,0.5,2.1,2.7,0.4,1.8,1.9,1.0,0.3,0.4,0
88,宜蘭縣,3.5,3.6,3.2,10.9,10.1,12.0,7.1,7.5,6.8,4.5,5.4,3.2,2.5,2.2,3.1,2.1,2.6,1.3,2.1,2.3,1.7,2.3,2.5,2.0,3.3,4.3,0.9,3.8,5.0,0.5,0.7,0.7,0.4,0,0,0
88,桃園縣,2.0,2.3,1.5,5.5,7.4,3.8,3.9,5.1,3.0,2.6,3.3,1.8,1.6,1.9,1.2,1.6,1.9,1.0,1.2,1.7,0.5,1.5,1.4,1.6,0.8,1.2,0,0.5,0.7,0,1.0,1.2,0,0,0,0
88,新竹縣,1.8,2.2,1.1,3.6,2.6,4.7,4.9,7.1,3.3,1.7,2.5,0.7,1.2,2.0,0,1.7,1.8,1.6,1.0,1.7,0,0.8,0.5,1.2,2.2,3.3,0,0.4,0.5,0,1.6,2.0,0,1.0,1.1,0
88,中部區域,2.6,2.7,2.3,8.1,7.3,9.0,6.4,7.1,5.8,3.5,4.0,2.9,1.9,2.2,1.5,1.7,2.0,1.1,1.6,2.0,0.9,1.4,1.9,0.4,1.3,1.8,0.2,0.9,1.1,0.6,0.8,1.1,0.1,0.0,0,0.1
88,臺中市,3.1,3.4,2.7,6.9,5.2,9.2,8.2,8.4,8.1,3.6,4.0,3.2,2.3,3.0,1.5,2.6,3.3,1.8,2.3,3.1,1.2,1.7,2.3,0.6,2.1,3.0,0.1,1.3,1.6,0,0.7,0.6,1.2,0,0,0
88,苗栗縣,2.2,2.5,1.9,6.1,7.5,4.5,5.0,7.1,3.3,2.8,3.1,2.3,2.0,2.2,1.5,2.3,2.7,1.7,1.7,1.9,1.4,1.0,1.4,0.4,1.7,2.3,0.2,0.5,0.2,1.6,0.2,0.2,0,0.2,0,1.5
88,臺中縣,3.1,3.3,2.7,9.7,9.5,9.9,7.1,6.9,7.2,4.7,5.6,3.3,1.8,2.2,1.1,1.5,2.0,0.7,1.4,1.8,0.9,2.0,2.9,0.4,1.8,2.5,0.4,1.4,1.5,1.1,1.9,2.4,0.4,0,0,0
88,彰化縣,1.7,1.8,1.5,4.9,2.9,7.2,4.5,5.5,3.6,2.2,2.8,1.1,1.5,1.5,1.5,0.9,1.1,0.5,1.0,1.3,0.4,0.8,1.1,0,0.8,1.0,0.2,0.7,0.9,0,0.1,0.1,0,0,0,0
88,南投縣,3.1,3.2,2.9,10.9,12.7,8.7,7.1,8.8,5.8,4.6,4.2,5.1,3.0,2.9,3.3,1.8,2.2,1.1,2.3,2.9,1.3,1.5,1.7,1.2,1.5,2.3,0,1.3,1.1,1.7,1.1,1.5,0.1,0,0,0
88,雲林縣,2.2,2.3,2.2,9.7,7.2,12.7,6.6,7.9,5.3,3.4,3.3,3.5,1.5,1.8,0.9,1.2,1.4,0.7,1.3,1.6,0.5,1.1,1.6,0.1,0.3,0.4,0.2,0.6,1.0,0,1.0,1.5,0,0,0,0
88,南部區域,3.4,3.7,2.8,11.7,10.6,13.0,7.7,9.0,6.8,4.3,4.8,3.5,2.8,3.5,1.7,2.6,3.3,1.4,2.2,2.9,1.0,2.3,2.8,1.4,2.1,2.9,0.4,1.5,2.0,0.5,0.6,0.8,0.3,0.5,0.6,0.3
88,高雄市,3.8,4.1,3.3,10.7,9.8,11.7,9.1,11.5,7.7,5.0,5.4,4.5,2.5,2.9,1.9,3.2,4.1,1.8,2.6,3.5,1.1,2.3,2.6,1.6,2.3,2.8,0.9,2.4,2.7,1.3,1.2,1.5,0,0.3,0,1.7
88,嘉義市,3.0,3.5,2.3,10.3,7.9,12.2,6.0,6.8,5.4,3.8,3.2,4.6,1.6,1.9,1.1,3.1,4.1,1.6,2.9,4.7,0,3.1,4.5,0.7,1.2,1.8,0.1,0.5,0.7,0,1.9,2.8,0,0,0,0
88,臺南市,4.3,4.6,3.8,16.0,13.5,19.2,10.2,9.9,10.3,4.9,5.5,4.1,3.8,4.8,2.5,3.0,3.8,1.9,2.6,3.2,1.7,2.6,3.7,0.9,2.9,4.0,1.0,1.7,2.4,0,0.4,0.4,0.3,0,0,0
88,嘉義縣,2.8,3.0,2.4,9.0,7.4,11.3,7.4,7.2,7.5,3.7,3.8,3.6,2.6,3.1,1.5,2.1,2.8,0.4,1.9,2.5,0.6,2.5,3.6,0.6,1.0,1.2,0.5,0.3,0.5,0,0.2,0.3,0,0.3,0,0.9
88,臺南縣,3.4,3.9,2.6,12.5,11.8,13.3,7.1,9.0,5.8,4.0,4.8,2.9,2.9,3.9,1.5,3.0,3.8,1.7,2.3,3.0,1.1,2.5,3.0,1.6,2.1,3.0,0.4,2.1,2.5,1.1,1.1,1.3,0.7,0.3,0.5,0
88,高雄縣,3.7,4.3,2.9,12.0,10.4,13.7,7.3,8.9,6.0,4.8,5.9,3.3,3.2,4.1,1.7,2.3,2.8,1.4,2.3,2.9,1.3,3.0,3.3,2.5,2.8,4.2,0.1,1.9,2.9,0.2,0.4,0.3,0.5,1.2,1.6,0
88,屏東縣,2.2,2.5,1.6,10.0,10.2,9.8,5.9,7.3,4.6,2.9,3.5,1.9,2.4,2.8,1.5,1.4,2.0,0.3,0.9,1.3,0.3,0.8,0.9,0.5,1.1,1.6,0,0.2,0.3,0,0.2,0.2,0,0.8,1.1,0
88,澎湖縣,1.2,1.1,1.4,5.2,8.7,2.7,3.3,3.7,3.1,1.3,0.1,3.5,1.2,1.7,0,0.8,0.7,0.9,0.1,0.2,0,0,0,0,0.4,0.5,0,3.5,4.4,0,0,0,0,0,0,0
88,東部區域,3.3,3.6,2.8,11.8,11.4,12.1,8.5,10.8,6.5,3.4,3.0,4.2,2.1,2.9,0.6,2.9,3.0,2.6,3.1,4.1,1.2,1.7,2.6,0.2,1.7,2.5,0.3,0.8,1.2,0,0.7,1.0,0,0.5,0.5,0.4
88,臺東縣,2.8,3.3,2.0,14.5,13.1,16.4,7.7,10.5,5.1,2.3,2.4,2.3,1.7,2.4,0,2.4,3.1,0.7,2.6,3.8,0.4,1.7,2.5,0.5,0.6,0.8,0.3,0.2,0.4,0,0.2,0.4,0,0.2,0,0.6
88,花蓮縣,3.7,3.9,3.3,9.6,9.9,9.3,9.1,11.1,7.5,4.3,3.5,5.5,2.5,3.2,1.0,3.2,2.9,3.8,3.4,4.3,1.7,1.8,2.8,0,2.6,3.7,0.3,1.2,1.7,0,1.2,1.6,0,0.9,1.2,0
89,臺灣地區,2.99,3.36,2.44,9.04,8.73,9.42,6.89,8.31,5.78,3.77,4.19,3.24,2.59,3.07,1.87,2.24,2.82,1.32,1.98,2.54,1.09,1.93,2.55,0.85,1.85,2.44,0.63,1.61,2.06,0.48,0.92,1.19,0.16,0.24,0.28,0.09
89,北部區域,2.7,3.1,2.3,7.5,7.6,7.5,6.1,7.4,5.2,3.5,3.8,3.2,2.4,2.7,1.9,2.1,2.5,1.4,1.9,2.4,1.2,2.0,2.5,1.1,1.6,2.1,0.7,1.6,2.1,0.1,1.1,1.3,0.3,0.5,0.5,0.4
89,臺北市,2.7,2.9,2.5,8.0,7.5,8.5,7.4,8.0,7.1,4.3,4.6,4.1,2.9,3.7,2.1,2.2,2.5,1.7,1.5,1.8,1.2,1.7,2.2,1.1,1.3,1.6,0.6,1.2,1.6,0.2,1.0,1.2,0.2,0.5,0.4,1.2
89,基隆市,4.2,4.6,3.5,13.0,14.8,11.0,11.0,14.7,8.7,4.0,4.6,3.3,2.7,2.7,2.6,3.2,4.1,1.9,2.8,3.4,1.7,3.0,3.7,1.8,2.6,3.5,0.6,2.0,2.6,0,2.9,3.8,0,0,0,0
89,新竹市,2.7,3.4,1.8,8.3,8.2,8.4,4.5,5.9,3.6,2.7,2.9,2.5,2.0,2.8,1.0,2.0,2.8,0.9,2.5,3.8,0.7,3.3,4.7,1.4,1.4,2.2,0.2,0.8,1.1,0.3,1.5,2.0,0.5,0.6,0.8,0
89,臺北縣,3.0,3.3,2.4,7.8,8.2,7.2,6.3,7.7,5.2,3.5,3.9,3.0,2.4,2.6,2.3,2.0,2.5,1.3,2.2,2.7,1.4,2.2,2.8,1.1,2.2,2.8,1.0,2.0,2.8,0,1.0,1.3,0,0.5,0.6,0
89,宜蘭縣,3.6,3.9,3.2,10.6,5.9,17.6,5.0,6.8,3.6,5.0,5.2,4.8,3.6,4.0,2.8,2.9,3.5,1.9,2.6,2.7,2.2,2.8,3.7,1.2,2.2,2.6,1.4,3.2,4.1,0.7,1.6,1.5,1.9,0.5,0.3,1.4
89,桃園縣,2.0,2.3,1.7,4.7,4.7,4.8,4.5,5.2,3.9,2.7,2.9,2.5,1.3,1.6,0.8,1.5,2.0,0.7,1.6,2.1,0.9,1.5,1.9,0.8,0.7,0.9,0.2,0.7,0.9,0,1.1,1.3,0,0.6,0.7,0
89,新竹縣,1.7,2.0,1.2,6.2,8.4,3.5,4.6,7.3,2.7,0.8,0.8,0.9,1.6,1.9,1.3,2.3,2.6,1.8,0.8,1.1,0.2,0.4,0.7,0,1.0,1.5,0,1.3,1.8,0.0,0,0,0,0,0,0
89,中部區域,2.9,3.1,2.5,8.9,8.7,9.1,7.1,8.4,6.0,3.6,3.7,3.3,2.4,2.9,1.7,2.2,2.6,1.4,1.6,2.2,0.6,1.5,1.9,0.7,1.8,2.4,0.5,1.6,1.9,0.8,0.9,1.1,0.2,0.1,0.1,0
89,臺中市,3.3,3.8,2.6,11.8,10.7,13.3,7.0,8.3,6.0,4.4,4.7,4.1,2.9,4.0,1.6,2.9,3.3,2.3,1.9,2.9,0.5,2.1,3.1,0.5,2.1,3.0,0.4,1.5,1.5,1.5,0.3,0.4,0,0.1,0.1,0
89,苗栗縣,2.7,3.1,1.9,7.9,9.4,6.2,5.4,7.4,3.8,3.0,2.8,3.2,2.8,3.6,1.3,1.9,2.9,0.1,1.9,2.6,0.9,1.5,1.7,1.1,2.1,2.8,0.8,2.0,2.5,0,1.3,1.0,2.6,0,0,0
89,臺中縣,3.5,3.7,3.2,8.6,8.3,9.1,9.0,10.0,8.2,4.3,4.8,3.7,2.3,2.4,2.1,2.3,2.8,1.6,2.0,2.9,0.5,1.9,2.5,0.8,2.5,3.1,1.2,1.7,2.0,0.7,1.0,1.3,0,0,0,0
89,彰化縣,1.7,1.7,1.6,4.1,3.6,4.7,4.7,5.4,4.1,1.6,1.4,2.0,1.4,1.5,1.0,1.1,1.5,0.3,1.4,1.6,0.9,0.3,0.4,0,1.4,1.9,0,0.8,0.9,0.5,1.2,1.5,0,0,0,0
89,南投縣,3.8,4.4,2.9,13.7,15.3,11.4,8.1,11.1,5.2,5.8,6.7,4.4,4.4,5.2,3.0,2.9,3.2,2.5,1.2,1.6,0.7,1.7,2.0,1.0,1.3,2.0,0,3.8,4.3,2.7,0.4,0.7,0,0,0,0
89,雲林縣,2.6,2.7,2.4,13.2,11.6,15.2,7.8,9.2,6.4,3.2,3.3,3.2,2.0,2.2,1.5,2.0,2.3,1.2,1.0,1.2,0.4,1.3,1.5,1.0,0.9,1.3,0,0.9,1.4,0,0.5,0.8,0,0.2,0.3,0
89,南部區域,3.4,3.9,2.6,11.4,10.5,12.5,7.5,9.1,6.3,4.4,5.3,3.3,3.1,3.8,1.9,2.5,3.4,1.0,2.3,2.9,1.2,2.2,3.1,0.6,2.2,2.9,0.8,1.6,2.1,0.6,0.8,1.1,0.1,0.2,0.3,0
89,高雄市,3.8,4.4,2.9,10.6,6.9,14.3,7.4,9.6,5.9,5.8,7.2,4.2,3.5,4.1,2.6,3.4,4.5,1.8,1.9,2.7,0.6,2.1,3.1,0.5,2.8,3.7,1.0,1.8,2.0,0.8,1.5,2.0,0,0.6,0.8,0
89,嘉義市,3.0,3.6,2.1,12.0,14.6,8.0,7.7,6.6,8.5,4.1,4.9,3.1,2.1,3.0,0.8,1.7,2.5,0.4,2.6,3.8,0.5,2.5,3.8,0.1,1.3,1.9,0.2,0.8,1.2,0,1.7,1.7,1.6,0,0,0
89,臺南市,4.1,4.8,3.1,8.5,9.6,7.3,9.4,13.3,6.9,6.2,6.9,5.5,3.8,4.1,3.3,2.8,4.5,0.4,2.0,2.3,1.5,3.0,3.6,2.0,3.4,4.5,1.3,3.1,4.3,0.5,0.4,0.6,0,0,0,0
89,嘉義縣,2.8,3.1,2.1,11.4,11.2,11.7,5.7,7.2,4.5,3.4,3.9,2.6,2.5,2.9,1.5,1.9,2.2,1.1,2.1,2.5,1.1,2.5,3.6,0.4,2.8,3.5,1.5,0.5,0.8,0,0.3,0.4,0,0,0,0
89,臺南縣,3.3,3.9,2.4,14.5,12.6,16.8,7.6,9.5,6.2,3.2,4.6,1.2,2.9,4.0,1.2,2.1,2.7,0.8,3.5,4.3,1.9,2.0,2.5,1.1,2.2,2.7,1.0,1.6,2.0,0.7,1.2,1.6,0.1,0.2,0.3,0
89,高雄縣,3.9,4.6,3.0,11.1,12.8,9.5,8.9,9.2,8.5,4.4,5.0,3.5,3.6,4.7,1.8,3.3,4.4,1.4,2.3,2.6,1.8,3.0,4.7,0.4,1.9,2.7,0.5,1.8,2.7,0,1.0,1.5,0.2,0.1,0.2,0
89,屏東縣,2.2,2.5,1.7,11.7,7.3,16.4,5.2,6.6,3.9,3.0,3.6,1.9,2.2,2.8,1.0,1.2,1.6,0.3,1.7,2.2,0.7,0.8,1.3,0,0.5,0.8,0,1.3,1.3,1.4,0.1,0.2,0,1.0,1.3,0
89,澎湖縣,1.6,1.8,1.2,5.2,8.6,0,7.6,13.0,4.2,2.1,2.3,1.7,0.7,0.9,0.3,0.6,0.8,0.2,1.0,1.1,0.8,0.3,0.4,0,0,0,0,0,0,0,0,0,0,0,0,0
89,東部區域,3.6,4.2,2.6,8.8,9.1,8.5,9.3,12.5,6.6,3.0,3.3,2.5,2.4,2.6,2.1,3.2,3.7,2.3,3.5,5.0,1.2,2.1,2.8,0.8,2.5,3.8,0,2.5,3.2,1.0,1.3,1.9,0,0,0,0
89,臺東縣,3.1,3.7,2.1,9.3,8.3,10.3,7.6,10.2,5.2,2.8,3.7,1.2,1.6,1.9,1.1,2.6,2.7,2.6,3.3,4.6,1.3,2.3,3.4,0.5,2.2,3.5,0,2.3,2.6,1.9,1.2,1.9,0,0,0,0
89,花蓮縣,3.9,4.5,2.9,8.4,9.7,6.9,10.5,14.3,7.5,3.2,3.1,3.5,3.0,3.1,2.8,3.6,4.4,2.1,3.7,5.3,1.0,1.9,2.3,1.0,2.6,4.0,0,2.6,3.7,0,1.4,1.8,0,0,0,0
90,臺灣地區,4.57,5.16,3.71,13.64,12.93,14.43,9.65,11.17,8.49,5.46,6.47,4.21,4.19,5.02,2.97,3.72,4.68,2.26,3.36,4.22,2.01,3.34,4.18,1.92,3.08,3.86,1.50,2.41,3.01,0.89,1.33,1.60,0.55,0.06,0.05,0.08
90,北部區域,4.5,5.1,3.6,12.8,12.9,12.7,9.1,10.8,7.8,5.1,6.1,4.1,3.9,4.8,2.7,3.7,4.6,2.5,3.4,4.3,2.1,3.5,4.3,2.4,3.1,3.9,1.6,3.1,3.7,1.6,1.9,2.2,0.9,0.1,0.1,0
90,臺北市,3.9,4.6,3.1,16.4,20.3,12.3,9.9,11.6,8.9,5.1,5.9,4.2,4.1,5.2,2.9,3.5,4.9,1.8,2.9,3.7,1.8,3.1,3.9,2.0,2.1,2.8,0.9,1.9,1.4,3.1,0.7,0.9,0,0,0,0
90,基隆市,5.1,5.2,5.1,16.5,13.3,19.6,9.1,11.7,7.3,6.8,6.6,7.0,5.3,5.3,5.3,4.1,3.9,4.3,3.9,4.8,2.4,2.6,2.7,2.4,3.0,3.3,2.3,3.7,5.1,0,4.5,5.9,0,0,0,0
90,新竹市,4.3,5.4,3.0,4.3,3.8,4.9,9.5,13.2,7.0,5.0,6.6,3.4,3.0,4.4,1.2,3.5,4.4,2.4,2.8,3.2,2.3,5.0,6.9,2.1,3.7,4.3,2.7,4.7,5.9,2.2,5.1,5.0,5.3,0.1,0.1,0
90,臺北縣,4.9,5.6,3.9,13.0,14.0,11.8,9.0,10.5,7.8,5.3,6.2,4.2,4.0,4.8,2.9,3.9,4.7,2.8,3.9,4.8,2.5,3.9,4.7,2.7,3.7,4.8,1.5,3.6,4.6,0.7,3.2,3.9,1.4,0,0,0
90,宜蘭縣,5.0,5.9,3.5,8.9,7.0,11.8,8.7,9.0,8.5,5.5,7.0,3.5,4.5,5.8,2.4,4.6,5.6,3.3,4.0,5.7,1.2,4.6,6.0,2.0,3.7,4.8,1.3,7.1,9.0,1.6,0.8,0.9,0.2,0,0,0
90,桃園縣,4.3,4.7,3.8,12.6,8.3,16.4,9.0,10.8,7.7,4.7,5.5,3.7,3.2,4.2,1.9,3.4,4.1,2.5,3.1,3.7,2.1,3.5,3.9,2.8,3.6,4.1,2.6,3.2,3.7,1.5,1.1,1.3,0,0.3,0.4,0
90,新竹縣,3.8,4.7,2.4,11.6,17.5,5.1,7.0,11.0,4.3,4.1,6.1,1.8,3.3,4.2,1.9,3.7,4.7,2.1,3.3,3.9,2.4,1.7,2.0,1.3,4.2,4.7,3.2,1.1,1.4,0,0.7,0.8,0,0,0,0
90,中部區域,4.5,5.0,3.8,14.1,12.8,15.6,9.6,10.9,8.5,5.3,6.1,4.1,4.1,4.6,3.2,3.6,4.6,1.9,3.1,3.9,1.6,3.1,3.9,1.6,3.5,4.4,1.6,2.0,2.7,0.4,1.1,1.2,0.8,0.1,0,0.2
90,臺中市,4.7,5.4,3.8,15.6,14.2,17.1,9.4,10.3,8.7,6.1,8.0,3.9,4.7,4.6,4.8,4.0,5.5,2.2,3.9,5.1,2.1,2.7,3.8,1.0,3.7,4.4,2.2,1.1,1.6,0,0.8,1.1,0,0,0,0
90,苗栗縣,4.5,4.9,3.8,9.4,9.9,9.0,8.5,11.4,6.1,3.4,4.1,2.4,4.4,4.6,4.0,3.7,5.1,1.4,4.2,4.0,4.7,3.7,3.7,3.7,4.4,4.8,3.5,3.4,4.5,0.3,3.7,3.2,6.4,0,0,0
90,臺中縣,5.0,5.6,4.1,12.4,12.1,12.8,10.2,11.8,8.9,5.8,6.0,5.4,3.8,4.6,2.4,4.0,4.9,2.6,3.8,5.2,1.4,3.1,4.1,1.3,3.5,4.6,1.1,2.5,3.1,0.9,1.7,1.8,1.3,0,0,0
90,彰化縣,4.0,4.3,3.5,13.3,9.4,17.7,9.1,10.3,8.2,4.1,4.8,3.0,4.1,4.3,3.5,2.6,3.7,0.5,1.9,2.7,0.4,2.9,3.6,1.4,4.1,4.9,2.1,1.6,2.0,0.4,0.9,1.1,0,0.2,0,0.9
90,南投縣,4.9,5.5,3.8,18.2,16.7,20.7,10.4,11.3,9.6,6.0,6.8,4.8,4.5,6.2,1.4,4.5,5.6,2.4,1.4,1.8,0.6,3.4,4.2,2.1,2.9,4.2,0,3.6,4.8,0.6,0.4,0.2,0.8,0,0,0
90,雲林縣,4.1,4.3,3.7,18.6,16.9,20.6,9.3,9.8,8.8,6.0,7.2,4.0,3.1,3.7,1.8,2.8,3.3,1.6,2.7,3.1,1.9,3.2,4.0,1.6,2.3,2.9,1.2,0.8,1.3,0,0.3,0.5,0,0,0,0
90,南部區域,4.8,5.3,3.9,14.4,13.2,15.8,10.5,12.0,9.5,6.2,7.5,4.6,4.8,5.7,3.3,3.7,4.7,2.0,3.5,4.3,2.1,3.3,4.3,1.5,2.7,3.3,1.4,1.9,2.4,0.7,1.1,1.5,0.2,0.0,0.0,0
90,高雄市,5.0,5.4,4.4,11.4,8.2,15.1,11.0,12.7,9.9,7.2,8.5,5.8,5.6,6.4,4.5,3.6,4.9,1.7,3.0,3.5,2.3,3.4,4.0,2.1,2.7,3.1,1.8,2.6,3.3,0.4,1.3,1.6,0,0.2,0.2,0
90,嘉義市,4.6,5.8,2.7,12.4,11.3,13.4,8.4,14.5,4.3,7.7,10.1,4.8,3.2,4.2,1.6,3.1,3.8,2.0,3.7,5.3,1.1,3.4,4.7,1.0,4.4,4.8,3.5,4.1,5.7,0.8,1.4,1.7,0,0,0,0
90,臺南市,5.0,5.9,3.8,10.4,12.6,8.5,11.7,13.1,10.7,7.4,9.7,4.8,5.5,6.9,3.9,4.0,5.5,2.0,1.9,2.5,1.1,2.3,3.3,0.7,3.8,4.5,2.7,4.6,5.3,3.0,0.5,0.5,0.5,0,0,0
90,嘉義縣,4.0,4.4,3.3,17.0,14.9,19.3,8.6,9.9,7.5,4.7,5.4,3.5,3.6,3.9,2.8,3.4,4.2,1.4,3.9,4.7,2.2,2.7,3.3,1.3,3.0,4.3,0.3,1.2,1.8,0,0.5,0.4,0.9,0,0,0
90,臺南縣,4.7,5.4,3.5,19.3,17.1,22.5,10.2,11.7,9.0,4.9,6.1,3.4,4.4,5.4,2.8,3.9,5.3,1.4,4.2,5.3,2.3,3.4,4.5,1.3,2.4,3.0,1.3,1.4,1.8,0.8,1.8,2.7,0,0,0,0
90,高雄縣,5.1,5.4,4.6,15.3,15.5,15.1,10.2,10.2,10.2,6.2,7.5,4.6,4.3,5.0,3.0,3.6,3.6,3.8,4.4,4.8,3.6,4.3,5.8,1.9,2.8,3.3,1.7,1.0,1.4,0,0.9,1.4,0,0,0,0
90,屏東縣,4.5,5.4,3.1,12.2,10.1,15.0,11.2,13.4,9.3,5.4,6.5,3.8,5.2,6.5,2.8,3.8,5.5,0.9,3.3,5.0,0.5,2.8,3.9,0.9,1.5,2.3,0,0.9,1.0,0.5,0.7,1.1,0,0,0,0
90,澎湖縣,3.5,3.5,3.5,1.8,0,3.1,15.6,19.8,13.5,5.9,5.3,6.8,2.9,4.6,0,0.7,0.7,0.8,2.1,3.1,0.1,0.4,0.5,0,1.7,2.5,0,0.2,0.3,0,2.4,2.9,0,0,0,0
90,東部區域,4.8,5.4,3.7,13.1,13.3,12.9,9.9,11.1,8.9,4.9,5.8,3.6,4.5,5.5,2.7,5.0,5.6,4.0,4.2,5.2,2.6,3.2,4.2,1.4,2.5,3.7,0.3,2.7,4.0,0.1,0.8,1.1,0,0.5,0.7,0
90,臺東縣,4.3,5.2,3.0,10.9,10.8,11.1,9.1,11.9,6.4,4.5,5.1,3.5,4.0,5.8,0.8,5.2,5.3,5.1,3.8,4.8,2.2,2.7,4.1,0.5,1.4,1.9,0.7,3.5,5.7,0,0,0,0,0.7,0.9,0
90,花蓮縣,5.1,5.6,4.3,15.2,15.3,15.0,10.6,10.6,10.6,5.3,6.3,3.7,4.9,5.4,4.1,4.9,5.9,3.1,4.5,5.5,2.8,3.5,4.2,2.0,3.3,5.0,0,2.1,2.8,0.2,1.6,2.0,0,0.4,0.4,0
91,臺灣地區,5.17,5.91,4.10,14.59,14.57,14.61,11.31,13.91,9.40,6.46,7.32,5.43,4.64,5.58,3.31,3.87,4.81,2.46,4.00,5.10,2.30,3.84,4.98,1.95,3.60,4.73,1.37,2.78,3.54,0.88,1.45,1.81,0.42,0.13,0.15,0.05
91,北部區域,5.1,5.9,4.1,13.5,13.4,13.6,11.2,13.4,9.7,6.3,7.2,5.4,4.4,5.4,3.2,3.9,4.9,2.6,4.1,5.2,2.6,3.7,4.7,2.2,3.6,4.7,1.3,3.1,3.8,1.2,2.4,2.8,1.1,0.2,0.2,0.3
91,臺北市,4.6,5.3,3.8,13.1,13.8,12.1,12.5,14.3,11.4,7.1,7.8,6.4,5.0,6.6,3.3,3.8,5.2,2.2,3.6,4.7,2.3,2.9,3.6,2.0,2.7,3.4,1.4,0.7,1.0,0.2,0.9,0.9,0.7,0.5,0.5,0
91,基隆市,5.5,6.3,4.1,6.9,2.3,10.5,14.5,19.6,11.0,5.6,7.3,3.5,5.0,6.1,3.4,4.3,5.5,2.4,3.8,4.9,1.9,3.6,3.8,3.2,4.1,5.2,1.5,5.0,6.6,0.6,5.0,4.8,5.5,0,0,0
91,新竹市,5.3,6.3,3.8,12.3,13.3,11.3,9.8,11.6,8.5,4.9,6.6,3.0,4.6,6.6,2.0,4.5,5.2,3.5,4.8,5.7,3.6,4.3,4.9,3.4,3.5,4.8,1.2,8.1,10.1,2.9,3.7,3.4,4.4,0,0,0
91,臺北縣,5.5,6.0,4.8,13.8,11.6,16.2,10.9,12.5,9.7,6.5,7.0,5.9,4.4,4.7,4.1,3.9,4.3,3.3,4.7,6.1,2.9,4.2,5.0,2.8,4.3,5.7,1.6,4.0,4.8,1.7,3.9,4.8,1.2,0.2,0,1.2
91,宜蘭縣,5.4,6.4,3.8,11.8,11.0,13.2,10.0,13.2,7.5,7.1,7.9,5.9,5.7,6.7,4.2,4.2,5.4,2.2,3.4,4.5,1.7,5.0,7.5,0.5,3.5,4.5,0.9,5.1,5.9,2.8,2.0,2.5,0,0,0,0
91,桃園縣,5.1,6.2,3.4,14.5,17.7,11.8,10.4,12.9,8.5,5.6,6.9,4.1,3.5,4.9,1.6,3.8,5.3,1.7,4.1,5.0,2.6,3.9,5.6,1.3,3.7,5.2,0.7,4.7,5.3,2.3,2.7,3.4,0,0,0,0
91,新竹縣,4.4,5.0,3.4,14.6,19.9,10.0,12.3,16.7,9.5,5.3,7.3,3.1,2.9,3.7,1.7,3.6,4.5,2.2,2.9,3.5,1.8,2.4,3.0,1.5,2.9,4.0,0,1.2,1.5,0,0.8,0.9,0,0,0,0
91,中部區域,5.2,6.0,4.0,16.0,15.2,16.9,11.0,13.8,8.7,5.9,6.5,5.3,4.8,5.6,3.5,3.7,4.7,2.0,3.8,5.0,1.7,4.1,5.4,1.6,4.3,5.8,1.3,3.2,4.2,0.7,1.1,1.3,0.3,0,0,0
91,臺中市,5.4,6.8,3.6,11.8,13.9,8.9,15.4,22.3,10.6,5.8,7.0,4.5,5.6,7.7,3.2,4.3,5.6,2.8,4.2,5.9,2.0,2.8,3.5,1.5,4.2,6.1,0.8,3.6,5.0,0,0.2,0.3,0,0,0,0
91,苗栗縣,4.9,5.7,3.7,15.8,19.0,12.9,10.5,15.3,6.8,4.3,4.7,3.7,4.3,3.8,5.2,3.9,5.1,1.7,3.6,5.0,1.2,4.2,5.7,1.7,5.0,6.7,0.7,2.5,3.0,1.4,1.9,2.3,0,0,0,0
91,臺中縣,5.4,6.2,4.3,15.4,13.9,17.0,9.9,12.3,8.0,6.1,6.3,5.8,4.4,5.1,3.2,3.5,4.6,1.8,4.0,5.3,1.9,4.7,6.1,2.1,5.3,6.8,1.9,3.6,4.7,0.4,1.4,1.8,0,0,0,0
91,彰化縣,5.2,5.8,4.2,14.4,15.2,13.4,10.4,12.0,9.1,6.4,7.1,5.4,4.5,5.0,3.5,3.0,3.7,1.6,3.7,4.8,1.8,5.0,6.4,2.3,4.2,5.3,1.9,4.5,5.4,1.8,1.3,1.5,0.7,0,0,0
91,南投縣,5.3,5.9,4.2,24.0,15.9,34.6,11.0,12.3,9.9,6.4,7.6,4.5,5.4,7.0,2.3,3.4,4.2,1.7,4.0,5.2,1.8,2.7,3.8,0.3,3.6,5.0,0.6,3.5,4.6,0.8,0.8,0.9,0.7,0,0,0
91,雲林縣,4.7,5.2,3.9,18.6,16.4,21.4,10.7,13.7,8.1,6.0,5.6,6.7,4.7,5.0,4.0,4.2,5.4,1.8,2.7,3.5,1.2,3.8,5.7,0.3,3.0,4.1,1.0,1.3,2.0,0,0.6,0.9,0,0,0,0
91,南部區域,5.2,5.9,4.1,14.4,15.2,13.4,11.5,14.5,9.5,7.2,8.3,5.8,5.0,5.9,3.5,4.0,4.9,2.7,4.0,4.9,2.4,3.8,5.0,1.7,3.1,4.0,1.5,2.1,2.7,0.7,0.9,1.2,0.1,0.2,0.3,0
91,高雄市,5.5,5.9,4.8,10.7,12.3,8.9,12.3,15.7,10.4,7.7,8.7,6.6,5.8,6.7,4.5,4.6,5.4,3.5,3.5,4.1,2.6,3.6,4.2,2.4,3.7,4.3,2.2,1.6,1.7,1.5,0.7,0.9,0,0,0,0
91,嘉義市,5.2,6.1,3.9,15.8,18.6,13.1,11.9,15.7,9.4,8.9,10.1,7.4,3.8,5.7,1.3,2.4,2.5,2.3,4.7,5.9,3.0,3.5,5.4,0,3.5,3.3,3.9,7.0,8.4,3.5,2.5,3.0,0.8,0,0,0
91,臺南市,5.0,5.9,3.7,13.2,13.7,12.7,11.7,15.4,9.1,6.6,8.7,4.3,4.6,5.1,4.0,3.1,3.9,2.2,4.1,5.6,2.1,4.5,5.9,2.4,1.6,2.5,0.1,2.5,3.2,1.0,0.4,0.6,0,0,0,0
91,嘉義縣,5.2,5.3,4.9,17.2,16.0,18.7,13.9,14.6,13.3,5.7,6.3,4.8,4.2,4.3,4.1,4.0,4.1,3.8,4.1,4.6,3.1,4.9,6.3,2.3,4.5,6.2,1.2,0.7,0.9,0.5,0,0,0,0.4,0.5,0
91,臺南縣,5.0,6.0,3.4,17.7,17.7,17.7,11.2,15.4,7.8,5.6,7.0,3.9,5.7,7.0,3.8,3.8,4.9,1.9,3.6,4.5,2.1,4.1,5.5,1.4,3.1,4.1,1.1,1.9,2.5,0.8,1.5,1.9,0.5,0.4,0.5,0
91,高雄縣,5.5,6.3,4.2,15.3,17.3,13.3,9.7,10.9,8.9,7.9,9.2,6.1,4.5,5.3,3.3,4.3,5.3,2.5,4.9,5.9,3.1,3.9,5.4,1.5,3.3,4.0,2.1,3.2,4.9,0,1.4,2.2,0,0.2,0.2,0
91,屏東縣,4.9,5.7,3.7,11.7,11.9,11.5,12.1,15.8,9.1,8.0,8.5,7.3,4.4,6.0,1.5,4.4,5.3,2.8,3.7,4.8,1.7,2.8,4.0,0.8,2.5,3.3,1.2,1.2,1.7,0,0.2,0.3,0,0,0,0
91,澎湖縣,4.0,4.3,3.5,3.9,3.8,4.1,11.3,22.4,6.5,7.6,5.1,11.2,3.4,4.3,1.7,3.5,5.2,0,2.7,4.1,0,1.8,2.6,0,0.9,1.3,0,0.7,0.9,0,0,0,0,0,0,0
91,東部區域,5.2,6.0,4.0,16.3,16.5,16.1,13.6,16.0,11.5,5.6,6.8,3.8,4.3,5.6,1.9,3.6,4.2,2.6,3.6,5.2,1.0,4.4,5.2,3.1,3.0,4.1,1.2,1.9,2.5,0.6,2.6,3.5,0,0,0,0
91,臺東縣,4.9,5.9,3.1,18.1,23.2,12.8,12.4,15.3,9.9,5.0,7.1,1.5,4.4,6.1,1.0,2.0,2.2,1.5,3.3,4.4,1.4,3.6,4.2,2.8,3.8,6.0,0.6,1.7,1.8,1.4,3.5,4.9,0,0,0,0
91,花蓮縣,5.5,6.0,4.7,14.6,10.5,19.6,14.5,16.6,12.6,6.1,6.6,5.3,4.2,5.3,2.5,4.9,5.7,3.4,3.8,5.7,0.8,4.9,5.9,3.3,2.5,2.8,1.8,2.0,3.0,0,1.9,2.4,0,0,0,0
92,臺灣地區,4.99,5.51,4.25,13.84,13.34,14.38,10.95,13.48,9.14,6.26,7.45,4.86,4.16,4.80,3.26,3.61,4.22,2.73,3.85,4.59,2.75,3.97,4.56,3.01,3.77,4.47,2.45,3.77,4.17,2.82,2.69,2.80,2.41,0.14,0.15,0.10
92,北部區域,4.9,5.4,4.2,12.8,11.3,14.3,10.6,12.9,9.0,6.0,7.5,4.5,4.0,4.6,3.4,3.5,4.2,2.5,3.8,4.3,3.0,4.1,4.6,3.2,3.8,4.6,2.5,3.8,4.0,3.3,3.8,3.9,3.4,0.3,0.4,0.2
92,臺北市,4.6,5.0,4.0,9.1,7.6,10.4,10.6,12.1,9.7,6.3,7.4,5.2,4.4,5.2,3.7,4.4,5.7,3.0,3.9,4.1,3.6,3.3,4.0,2.3,2.8,3.7,1.2,2.7,2.3,3.3,3.0,3.1,2.7,0.4,0.5,0
92,基隆市,5.2,5.9,4.1,13.4,7.1,20.6,7.8,12.1,4.7,5.4,5.6,5.2,6.2,8.1,3.5,3.6,3.7,3.6,4.3,4.9,3.4,4.0,4.8,2.6,6.4,8.1,3.4,4.1,3.5,5.4,3.0,3.8,0,0,0,0
92,新竹市,5.2,5.8,4.4,12.7,15.9,9.7,10.6,13.4,8.8,4.6,5.0,4.2,3.6,4.0,3.1,5.0,6.0,3.7,5.0,5.6,4.2,4.2,4.6,3.7,4.2,4.7,3.2,5.7,7.3,1.9,2.3,2.6,1.6,3.6,3.9,2.8
92,臺北縣,5.2,5.7,4.6,15.1,13.8,16.6,11.0,13.0,9.6,6.5,8.2,4.6,4.1,4.4,3.6,2.9,3.5,1.9,3.7,4.2,2.8,4.6,4.8,4.3,4.5,5.2,3.2,4.7,5.2,3.5,5.1,5.1,4.9,0,0,0
92,宜蘭縣,5.2,5.9,4.0,8.8,7.0,11.1,10.9,14.7,8.2,7.1,9.2,4.1,4.3,4.8,3.4,3.0,3.3,2.5,4.2,4.8,3.1,4.8,6.3,2.1,3.7,3.7,3.6,5.8,6.8,1.8,4.1,4.5,2.8,0.2,0.2,0
92,桃園縣,4.7,5.4,3.7,12.9,9.9,15.7,9.8,12.7,7.6,5.4,7.1,3.4,3.5,4.3,2.5,3.3,4.0,2.4,3.7,4.7,2.2,4.3,5.2,3.0,3.7,4.1,2.9,3.6,4.0,2.4,3.0,3.4,1.7,0,0,0
92,新竹縣,4.2,4.2,4.1,9.0,12.0,5.9,12.8,15.2,10.9,4.3,5.0,3.5,2.4,2.3,2.7,2.7,2.7,2.5,2.9,3.1,2.7,2.7,2.9,2.5,3.8,4.3,2.8,2.9,2.2,5.2,4.7,3.8,9.6,0,0,0
92,中部區域,5.1,5.5,4.4,14.5,14.7,14.3,11.1,13.7,9.1,6.3,7.0,5.3,4.2,4.8,3.2,3.4,3.8,2.8,3.7,4.6,2.1,4.0,4.6,3.0,3.9,4.5,2.8,3.7,3.8,3.2,2.3,2.2,2.4,0.1,0.1,0.2
92,臺中市,5.2,5.4,5.1,11.6,6.0,18.1,13.4,13.9,13.1,8.5,9.8,7.1,5.1,5.8,4.3,3.4,3.1,3.7,4.3,5.9,2.3,3.5,3.7,3.0,2.4,2.9,1.6,2.2,2.1,2.4,3.1,1.7,6.1,0,0,0
92,苗栗縣,4.8,5.1,4.3,12.2,12.6,11.8,8.2,10.1,6.5,5.0,6.1,3.6,4.3,4.4,4.3,4.3,4.4,4.1,3.6,3.9,3.0,5.7,6.4,4.5,3.6,4.0,3.0,3.9,4.9,1.3,1.9,1.9,1.7,0,0,0
92,臺中縣,5.3,5.8,4.5,13.7,13.9,13.5,11.5,13.6,9.9,6.3,6.7,5.8,3.7,4.3,2.9,3.3,4.0,2.1,3.8,5.2,1.4,3.4,4.4,1.9,4.9,5.1,4.3,5.4,6.0,3.4,1.6,1.8,0.9,0.4,0.2,1.1
92,彰化縣,4.7,5.3,3.7,10.6,10.7,10.6,9.7,13.6,6.4,5.3,6.2,4.1,4.1,5.0,2.5,2.8,3.3,2.0,3.7,4.2,2.7,4.5,5.3,3.2,4.5,5.4,2.5,2.9,2.9,2.7,2.6,2.4,3.4,0.1,0.1,0
92,南投縣,5.3,5.5,4.9,25.3,22.0,29.5,10.8,12.5,9.1,5.9,7.0,4.5,3.7,4.6,2.0,3.9,4.5,3.1,3.7,4.3,2.6,4.7,4.9,4.3,4.0,4.0,4.0,4.9,4.2,6.7,2.4,2.1,3.0,0,0,0
92,雲林縣,5.0,5.5,4.1,20.4,26.3,13.3,13.0,17.4,9.4,6.4,6.8,5.8,4.2,4.9,2.7,3.6,4.1,2.4,2.5,3.0,1.4,3.2,3.3,3.0,3.5,4.7,1.3,2.9,2.8,3.1,2.2,2.8,1.2,0,0,0
92,南部區域,5.1,5.7,4.2,15.3,15.1,15.5,11.4,14.2,9.5,6.5,7.7,5.0,4.3,5.1,3.1,3.9,4.5,3.0,4.1,4.9,2.8,3.8,4.4,2.6,3.5,4.3,2.1,3.8,4.6,2.0,2.1,2.2,1.9,0.1,0.1,0
92,高雄市,5.2,5.6,4.7,14.8,15.6,14.1,11.7,13.0,10.9,7.2,8.5,5.8,4.4,5.6,2.9,4.2,4.5,3.7,4.2,4.6,3.6,3.5,4.1,2.4,3.6,3.6,3.6,4.3,5.3,1.5,2.5,3.4,0.5,0.2,0.3,0
92,嘉義市,5.1,6.1,3.8,24.6,33.5,16.1,10.7,15.4,7.9,6.7,8.0,5.0,3.0,3.5,2.2,3.1,2.8,3.4,4.8,6.8,1.5,3.4,3.8,2.7,6.0,7.5,2.9,6.9,8.6,3.3,2.1,2.8,0,0,0,0
92,臺南市,4.9,5.4,4.3,12.6,11.1,14.6,9.6,11.2,8.5,7.3,8.1,6.4,4.7,4.8,4.5,3.2,4.4,1.7,3.2,3.1,3.2,3.8,5.0,2.0,3.1,3.9,1.5,5.4,6.8,2.0,2.7,2.5,3.0,0.5,0.8,0
92,嘉義縣,5.1,5.8,3.8,15.7,17.3,14.1,14.0,18.3,10.4,6.4,8.5,3.3,5.0,6.2,2.5,3.3,3.2,3.6,4.7,5.6,2.8,3.1,3.5,2.3,3.0,4.3,0.4,2.4,3.7,0.2,0.8,0.8,0.9,0,0,0
92,臺南縣,4.9,5.5,4.1,16.8,16.5,17.1,12.3,14.3,10.8,5.9,6.7,4.9,3.6,4.6,2.1,4.2,5.0,2.8,4.3,5.7,2.0,3.9,4.9,2.0,3.2,4.0,1.7,3.1,3.3,2.6,1.5,1.4,1.8,0,0,0
92,高雄縣,5.3,5.9,4.3,11.8,11.0,12.8,9.9,12.4,8.3,6.4,7.8,4.4,4.5,5.1,3.7,4.5,5.6,2.9,4.2,5.2,2.7,4.3,4.3,4.2,4.2,5.2,2.5,4.2,5.1,2.6,3.6,3.7,3.5,0,0,0
92,屏東縣,4.9,5.6,3.9,20.3,19.9,20.7,11.9,17.4,8.1,5.6,6.5,4.3,4.2,4.7,3.2,3.8,4.2,3.0,3.9,4.9,2.3,4.1,5.2,2.2,2.9,4.1,0.7,2.7,3.0,2.2,1.9,1.8,2.0,0,0,0
92,澎湖縣,4.5,4.2,4.9,11.5,11.4,11.7,10.6,13.6,9.1,8.1,9.7,6.1,4.2,3.0,6.4,3.8,3.2,4.9,2.7,3.4,1.3,1.0,0.9,1.3,1.9,1.8,2.0,2.3,2.7,1.4,1.6,1.0,3.9,0,0,0
92,東部區域,5.1,5.7,4.3,7.3,8.7,5.9,10.0,12.2,8.4,7.1,8.5,5.1,4.4,4.9,3.4,4.5,5.1,3.5,4.1,4.5,3.5,4.4,5.2,3.1,4.1,4.6,3.2,4.3,5.0,3.0,2.7,3.1,1.7,0,0,0
92,臺東縣,4.9,5.4,4.1,9.0,10.4,7.5,11.7,16.4,8.0,6.9,7.8,5.7,5.5,5.2,6.2,2.9,3.6,1.4,3.2,3.7,2.4,4.0,4.6,3.1,3.6,4.4,2.3,3.1,3.5,2.5,2.5,2.9,1.7,0,0,0
92,花蓮縣,5.3,5.9,4.3,6.0,7.3,4.8,8.7,8.8,8.7,7.2,9.0,4.7,3.5,4.7,1.6,5.7,6.2,4.9,4.7,5.0,4.2,4.7,5.6,3.1,4.4,4.7,3.9,5.3,6.2,3.6,2.8,3.3,1.7,0,0,0
93,臺灣地區,4.44,4.83,3.89,13.00,13.40,12.54,10.44,13.00,8.57,5.69,6.28,5.01,3.86,4.41,3.12,3.12,3.59,2.46,3.18,3.79,2.29,3.22,3.66,2.53,3.56,4.10,2.56,3.01,3.30,2.35,2.19,2.57,1.18,0.07,0.08,0.04
93,北部區域,4.3,4.8,3.7,12.6,12.1,13.1,9.7,13.0,7.4,5.8,6.9,4.6,4.1,4.7,3.4,3.1,3.7,2.4,2.9,3.4,2.2,3.0,3.0,3.0,3.4,3.8,2.6,2.8,2.9,2.6,2.2,2.4,1.4,0.1,0.1,0
93,臺北市,4.2,4.6,3.6,13.7,15.0,12.4,11.0,16.5,7.6,6.3,8.1,4.6,5.2,5.4,5.1,3.5,4.3,2.5,2.7,2.9,2.4,2.4,2.4,2.2,3.2,3.8,2.3,1.7,1.5,2.1,1.0,0.7,1.9,0,0,0
93,基隆市,4.6,5.1,3.9,11.7,13.7,8.0,12.9,18.4,9.0,3.8,4.9,2.6,5.0,6.3,3.3,2.9,3.9,1.3,2.8,2.4,3.4,3.4,3.6,3.2,3.4,3.3,3.5,5.1,2.8,10.2,4.5,5.2,2.4,0,0,0
93,新竹市,4.6,5.5,3.4,10.9,8.0,14.3,9.7,12.1,8.1,5.7,7.5,3.9,3.5,4.6,2.1,2.9,4.3,1.1,3.8,5.1,2.2,3.7,3.8,3.6,4.8,6.3,2.2,3.5,3.9,2.6,2.6,3.8,0,1.0,1.4,0
93,臺北縣,4.6,5.0,4.0,13.7,13.1,14.5,9.9,12.4,8.0,5.8,7.0,4.5,4.3,5.2,3.1,3.0,3.6,2.1,3.0,3.6,2.2,3.4,3.3,3.6,3.4,3.5,3.3,3.8,4.3,2.6,2.2,2.6,0.8,0,0,0
93,宜蘭縣,4.6,4.9,4.2,15.4,19.3,12.0,10.7,14.5,7.9,5.2,5.2,5.2,4.3,4.5,3.9,2.7,2.4,3.1,3.7,4.7,2.3,3.0,2.8,3.5,2.8,3.7,1.1,5.0,5.7,3.0,4.4,4.8,2.7,0.6,0.7,0
93,桃園縣,4.0,4.4,3.4,9.3,7.3,11.3,7.4,10.1,5.4,5.9,6.7,5.1,2.9,3.5,2.3,3.5,3.8,3.2,2.6,3.2,1.8,3.1,3.4,2.7,3.4,4.3,1.7,0.9,0.7,1.6,3.3,4.2,0,0,0,0
93,新竹縣,3.8,4.0,3.5,14.1,13.1,15.3,9.1,12.7,6.4,4.6,4.4,4.9,1.8,1.9,1.6,2.1,2.5,1.6,3.2,4.3,1.5,2.7,2.4,3.1,4.0,3.5,4.9,4.8,5.1,3.9,1.4,0.8,4.0,0,0,0
93,中部區域,4.5,4.8,4.0,13.2,14.5,11.6,11.1,12.7,9.8,5.4,5.3,5.4,3.6,4.1,2.9,2.9,3.4,2.2,3.4,4.2,2.1,3.5,4.3,2.1,3.4,4.1,2.0,2.6,3.1,1.4,1.9,2.1,1.4,0,0,0
93,臺中市,4.7,4.6,4.7,10.4,16.9,1.6,16.0,14.4,17.1,6.5,5.4,7.8,3.5,3.6,3.3,2.4,3.0,1.7,3.9,4.2,3.5,3.4,5.2,0.7,2.9,3.3,2.2,2.8,2.7,3.0,1.6,2.2,0,0,0,0
93,苗栗縣,4.5,4.5,4.4,7.5,7.8,7.2,9.6,10.1,9.2,4.0,5.4,2.4,4.5,4.2,5.0,4.1,3.9,4.5,3.5,3.6,3.2,3.9,4.4,2.9,4.0,4.0,4.2,3.1,3.8,1.1,1.9,2.4,0,0,0,0
93,臺中縣,4.6,5.0,4.0,16.3,16.1,16.6,10.5,12.1,9.3,5.9,5.9,6.0,3.3,4.3,1.9,2.7,3.3,1.9,2.9,3.8,1.7,3.1,3.6,2.2,3.2,4.3,1.1,2.8,3.6,0.6,1.2,1.1,1.6,0,0,0
93,彰化縣,4.2,4.6,3.4,9.6,12.8,5.8,10.2,11.7,8.8,4.6,5.1,3.9,3.1,3.5,2.4,2.2,2.7,1.5,3.3,4.8,0.7,3.5,3.7,3.1,3.8,4.7,1.8,2.1,2.6,0.8,2.3,2.5,1.7,0,0,0
93,南投縣,4.7,4.8,4.4,14.8,15.8,13.4,10.8,13.0,8.9,5.1,4.2,6.2,3.5,4.2,2.3,3.7,3.3,4.4,3.7,4.5,2.4,4.1,5.1,2.5,3.9,4.5,2.8,2.3,2.3,2.2,2.3,1.7,3.8,0,0,0
93,雲林縣,4.6,5.3,3.5,18.0,16.1,20.3,10.9,16.3,6.5,5.1,5.4,4.7,4.5,4.8,3.9,3.9,4.8,2.0,3.6,4.5,1.6,3.7,4.6,2.0,2.6,3.2,1.4,2.6,3.2,1.5,1.9,2.5,0.7,0,0,0
93,南部區域,4.5,4.9,4.0,13.8,14.3,13.3,10.8,13.1,9.2,5.8,6.2,5.3,3.7,4.3,2.9,3.3,3.6,2.8,3.3,3.9,2.4,3.3,4.1,2.2,3.9,4.5,2.8,3.4,3.9,2.3,2.4,3.0,0.9,0.1,0.1,0.1
93,高雄市,4.6,5.0,4.0,11.0,6.6,15.0,11.3,14.3,9.4,6.6,7.4,5.8,4.1,5.0,2.9,3.7,3.2,4.5,2.5,3.4,1.3,2.8,3.8,1.4,4.4,5.4,2.5,2.7,3.1,1.5,1.8,2.1,0.8,0.3,0.4,0
93,嘉義市,4.5,5.3,3.6,18.5,19.6,17.3,6.1,7.0,5.6,5.6,6.7,4.3,3.8,2.9,4.7,4.0,5.5,2.0,3.7,5.5,1.0,4.3,5.1,3.1,6.4,7.1,5.2,1.8,2.2,0.9,1.2,1.6,0,0,0,0
93,臺南市,4.4,4.4,4.5,10.6,8.7,13.4,10.5,12.2,9.4,6.0,6.0,6.0,4.3,3.3,5.5,3.5,4.5,2.4,2.5,2.1,3.0,2.8,3.5,1.7,3.5,4.0,2.6,3.8,4.3,3.0,1.9,2.5,0,0.4,0,1.4
93,嘉義縣,4.8,5.4,3.7,14.2,16.8,11.5,13.2,17.7,10.0,5.2,6.5,3.5,4.4,5.0,3.3,2.8,3.4,1.6,4.9,6.2,2.6,4.3,5.0,2.9,2.8,3.4,1.6,2.5,2.7,2.1,2.1,2.9,0.9,0,0,0
93,臺南縣,4.5,5.1,3.5,13.6,16.4,10.4,10.9,13.9,8.8,4.7,5.7,3.6,4.0,5.2,2.2,3.0,3.9,1.6,3.2,3.7,2.4,3.6,4.3,2.2,4.5,5.1,3.3,3.6,3.6,3.6,3.2,3.7,2.1,0.1,0.1,0
93,高雄縣,4.6,4.9,4.0,12.9,13.7,12.0,9.6,12.1,7.9,6.2,6.5,5.8,3.1,3.8,2.1,3.6,4.0,3.0,3.7,4.4,2.5,3.7,4.1,3.2,2.8,3.0,2.5,3.3,3.3,3.2,3.0,4.4,0.3,0,0,0
93,屏東縣,4.5,4.6,4.4,20.0,22.4,17.2,11.8,11.7,11.8,5.3,4.6,6.3,2.7,3.7,0.9,2.2,2.0,2.7,4.0,3.9,4.1,3.2,4.2,1.5,4.1,4.4,3.5,5.0,7.3,0.7,1.7,2.3,0.4,0,0,0
93,澎湖縣,4.1,3.9,4.4,22.2,22.6,21.8,8.4,8.9,8.2,4.7,3.7,5.8,2.5,2.8,2.1,3.0,4.1,0.5,3.5,2.5,5.4,1.2,0.7,2.4,3.7,5.2,0.8,1.9,2.8,0,8.0,9.8,3.7,0,0,0
93,東部區域,4.6,5.0,4.1,9.3,10.8,8.1,10.9,14.9,8.1,6.1,6.2,5.9,3.2,3.6,2.4,2.9,3.4,2.0,3.9,4.2,3.4,3.0,3.8,1.7,4.7,5.3,3.7,5.5,5.3,5.9,2.8,3.7,1.1,0.2,0.3,0
93,臺東縣,4.5,4.7,4.1,9.9,7.4,11.5,12.7,19.7,7.8,6.2,5.8,6.7,2.8,2.9,2.6,2.9,3.6,1.5,4.0,4.1,4.0,2.3,2.7,1.8,2.6,3.5,1.0,4.6,3.7,6.0,2.7,3.4,1.4,0.5,0.7,0
93,花蓮縣,4.8,5.3,4.0,8.9,12.8,5.3,9.6,11.3,8.4,6.1,6.6,5.4,3.5,4.2,2.4,2.9,3.2,2.4,3.8,4.3,3.0,3.5,4.6,1.5,6.2,6.5,5.6,6.2,6.4,5.8,3.0,4.0,0.7,0,0,0
94,臺灣地區,4.13,4.31,3.88,11.97,12.15,11.75,10.33,11.42,9.54,5.75,6.58,4.81,3.63,3.90,3.27,2.84,3.05,2.55,2.81,3.17,2.28,2.89,3.16,2.47,2.91,3.38,2.05,2.63,2.94,1.92,2.08,2.47,1.06,0.43,0.53,0.17
94,北部區域,4.1,4.3,3.7,10.0,11.1,8.8,10.0,10.6,9.5,5.8,7.0,4.6,3.7,4.1,3.3,2.9,3.1,2.7,2.7,3.3,1.9,2.8,2.9,2.5,2.9,3.3,2.1,2.7,2.7,2.6,2.8,3.3,1.1,0.8,1.0,0
94,臺北市,3.9,4.4,3.3,9.3,13.2,5.0,11.1,11.9,10.5,6.5,8.0,5.1,3.7,3.9,3.5,3.2,4.0,2.4,2.7,3.8,1.2,3.2,4.0,2.1,2.6,2.9,2.1,2.1,2.0,2.2,1.3,1.5,0.6,1.0,1.2,0
94,基隆市,4.3,4.6,4.0,3.2,1.9,4.9,10.5,11.8,9.5,4.7,5.4,4.0,5.1,6.0,3.9,3.2,4.0,2.2,2.7,3.0,2.4,2.6,2.5,2.8,4.1,4.4,3.5,3.3,2.1,6.7,5.4,6.9,2.0,5.3,7.5,0
94,新竹市,4.2,4.2,4.3,5.9,7.9,3.7,10.4,12.1,9.2,5.2,4.1,6.3,3.0,3.3,2.7,2.2,2.2,2.1,3.9,4.3,3.3,3.7,3.5,4.0,4.1,3.8,4.5,3.8,4.8,1.7,1.8,2.7,0,2.2,3.2,0
94,臺北縣,4.1,4.3,3.9,8.7,7.5,10.1,9.1,9.2,9.1,6.3,7.7,4.8,4.0,4.5,3.4,2.8,2.6,2.9,2.6,2.9,2.1,2.3,2.3,2.2,2.9,3.5,1.7,3.5,3.4,3.9,3.2,3.6,1.9,0.3,0.4,0
94,宜蘭縣,4.3,4.5,4.1,11.3,12.1,10.2,10.8,12.0,10.0,5.3,5.5,5.1,3.8,4.5,2.8,2.6,3.1,1.9,2.1,1.7,2.8,3.0,2.9,3.3,3.5,4.6,1.4,3.6,4.4,1.0,5.7,7.1,0.7,0.8,1.1,0
94,桃園縣,4.1,4.1,3.9,10.9,12.0,9.7,9.8,9.3,10.1,4.6,5.8,3.4,3.6,4.0,3.1,3.2,3.0,3.6,2.7,3.5,1.6,3.0,2.7,3.6,3.0,3.6,1.9,1.5,1.8,0.7,3.5,4.3,0,0,0,0
94,新竹縣,3.9,4.6,3.0,23.9,32.7,10.9,12.0,18.4,7.4,5.0,6.8,3.2,1.8,1.5,2.2,1.6,2.5,0.3,3.2,3.2,3.1,2.8,2.8,2.8,1.8,1.7,2.0,1.2,1.0,1.7,1.8,1.8,1.9,0,0,0
94,中部區域,4.2,4.3,3.9,13.1,14.5,11.5,10.5,11.6,9.7,5.4,5.7,5.1,3.5,3.8,3.1,2.6,3.1,1.9,2.7,2.8,2.5,2.9,3.2,2.5,2.9,3.6,1.4,2.7,3.3,1.2,1.7,2.2,0.7,0.1,0.0,0.4
94,臺中市,4.2,4.4,4.0,12.3,11.7,13.0,11.9,14.8,9.9,6.5,5.6,7.5,3.6,4.6,2.6,2.4,2.8,1.9,2.6,2.4,2.8,3.9,4.5,3.1,2.7,3.5,1.4,2.5,3.1,1.2,1.8,2.5,0,0,0,0
94,苗栗縣,4.1,4.7,3.3,12.6,15.8,9.7,7.3,8.8,6.2,5.1,6.1,4.0,4.2,5.0,3.0,3.2,3.3,3.0,1.9,2.4,1.0,2.8,2.6,3.1,3.8,5.1,0.3,5.5,7.5,0,3.5,4.5,0,1.3,0.2,4.3
94,臺中縣,4.2,4.1,4.3,11.7,13.6,9.5,10.0,8.8,10.9,5.3,5.5,5.1,3.6,3.6,3.7,2.4,3.0,1.6,3.3,3.7,2.7,2.4,2.1,2.7,2.4,2.9,1.2,3.0,3.6,1.4,1.0,1.0,1.1,0,0,0
94,彰化縣,4.0,4.2,3.7,12.8,13.4,11.8,11.6,13.2,10.3,4.9,5.7,4.0,3.3,3.1,3.7,2.3,3.1,1.1,2.0,2.0,2.1,2.2,2.9,0.9,3.2,3.8,1.8,1.9,1.9,1.7,1.4,1.5,1.2,0,0,0
94,南投縣,4.4,4.3,4.6,17.1,15.7,18.9,10.4,10.6,10.2,5.6,4.7,6.7,3.2,3.8,2.2,2.7,2.9,2.3,4.1,3.8,4.5,2.8,2.7,3.1,2.9,3.9,1.0,3.3,4.8,0.2,1.9,2.3,1.2,0,0,0
94,雲林縣,4.2,4.7,3.3,17.6,21.5,12.5,11.0,14.5,7.9,5.5,6.9,3.7,3.1,3.5,2.4,3.4,3.7,2.7,2.4,2.6,2.0,4.2,4.8,3.1,2.9,3.4,1.8,1.7,1.6,1.8,1.7,2.6,0.2,0,0,0
94,南部區域,4.2,4.3,4.0,13.6,10.9,16.9,10.8,12.8,9.3,5.9,6.7,4.8,3.6,3.8,3.4,2.9,3.0,2.9,3.1,3.3,2.7,3.0,3.4,2.2,2.9,3.2,2.6,2.5,2.9,1.6,1.5,1.7,1.3,0.3,0.5,0.1
94,高雄市,4.2,4.5,3.9,15.5,15.4,15.5,11.0,11.3,10.8,6.7,8.5,4.7,3.6,4.0,3.1,3.2,3.3,2.9,2.9,3.2,2.4,2.8,3.3,2.0,2.6,2.8,2.1,2.5,3.0,1.0,0.6,0.8,0,0.3,0.3,0
94,嘉義市,4.1,4.9,3.0,10.5,6.0,16.1,8.3,9.9,7.4,7.3,10.7,3.3,3.1,3.4,2.6,3.4,3.7,3.0,3.0,4.0,1.5,3.4,4.7,1.5,3.7,5.1,1.3,1.3,0.7,2.5,0.2,0,0.8,0,0,0
94,臺南市,4.1,4.1,4.1,14.7,11.6,18.8,10.2,10.9,9.6,4.1,4.8,3.3,4.5,4.3,4.7,3.6,3.2,4.2,3.0,3.3,2.7,2.6,3.1,1.9,2.8,3.2,2.0,3.2,3.6,2.6,1.8,2.7,0,0,0,0
94,嘉義縣,4.3,4.6,3.7,13.3,7.3,20.2,13.0,18.1,9.1,4.3,5.4,3.0,2.9,2.6,3.2,3.8,4.3,2.6,3.8,4.2,2.9,3.2,4.6,0.7,3.8,4.0,3.5,1.2,1.0,1.5,1.5,1.3,1.9,0.2,0.3,0
94,臺南縣,4.1,4.3,3.9,12.2,7.9,17.6,10.5,14.7,7.3,6.6,8.2,4.9,3.5,4.0,2.9,2.0,2.2,1.9,2.5,2.4,2.6,3.6,3.9,3.1,3.4,2.4,5.3,2.5,2.7,2.2,1.4,1.5,1.2,0.6,0.9,0
94,高雄縣,4.2,4.2,4.1,11.3,10.9,11.9,10.7,13.2,9.0,5.7,5.3,6.1,3.1,3.2,3.0,2.6,2.7,2.5,3.6,3.7,3.5,2.9,3.3,2.3,3.0,3.3,2.5,2.4,3.5,0.4,1.1,0.8,1.9,0,0,0
94,屏東縣,4.2,4.0,4.6,15.8,10.5,23.0,10.4,10.2,10.5,5.7,5.3,6.2,4.2,4.4,3.8,2.8,2.5,3.2,3.1,3.2,2.9,2.7,2.5,2.9,2.4,3.6,0.1,3.4,3.8,2.4,3.2,3.8,1.9,0.2,0,0.6
94,澎湖縣,4.2,4.0,4.6,25.0,32.5,20.4,10.3,11.4,9.8,8.1,10.7,5.3,3.0,1.5,5.4,3.7,3.3,4.6,1.5,1.3,1.8,1.7,2.3,0.6,1.8,2.1,0.6,1.2,1.5,0,0.4,0.5,0,6.9,10.3,0
94,東部區域,4.3,4.3,4.4,10.9,12.8,8.8,9.6,8.4,10.5,6.2,6.2,6.3,3.3,2.6,4.4,2.9,2.7,3.2,3.3,4.1,1.9,3.5,3.6,3.4,3.5,4.3,2.1,3.1,4.0,1.5,3.4,4.3,1.5,1.4,2.0,0
94,臺東縣,4.2,4.4,3.9,8.5,12.1,3.5,9.3,8.7,9.7,6.4,6.4,6.4,3.1,1.9,5.0,2.8,3.2,1.9,3.8,5.4,0.8,3.9,4.3,3.2,1.9,2.7,0.4,4.4,5.9,1.4,1.0,0.8,1.5,0.9,1.3,0
94,花蓮縣,4.4,4.1,4.8,13.7,13.8,13.6,9.8,8.1,11.1,6.1,6.0,6.2,3.5,3.2,4.0,2.9,2.2,4.1,3.0,3.1,2.7,3.3,3.2,3.4,4.5,5.3,3.1,2.1,2.4,1.6,5.3,7.4,1.6,1.8,2.4,0
95,臺灣地區,3.91,4.05,3.71,11.46,10.25,12.80,10.10,11.90,8.76,5.92,6.51,5.27,3.80,4.18,3.34,2.86,3.19,2.42,2.40,2.60,2.13,2.31,2.46,2.09,2.50,3.00,1.61,2.25,2.39,1.93,1.60,1.81,1.08,0.28,0.23,0.40
95,北部區域,3.8,3.9,3.7,9.9,8.8,11.3,9.5,11.2,8.3,5.9,6.3,5.4,3.9,4.3,3.3,2.6,2.8,2.4,2.6,2.8,2.2,2.3,2.2,2.3,2.7,3.2,1.8,2.2,2.1,2.5,1.5,1.6,1.3,0.8,0.5,2.1
95,臺北市,3.7,4.0,3.4,10.8,9.8,11.8,9.7,12.5,7.9,7.0,7.7,6.4,3.8,4.4,3.2,3.4,3.8,2.8,2.5,2.9,2.0,2.4,2.9,1.8,2.4,2.8,1.6,1.8,1.8,1.7,1.3,1.1,1.9,0,0,0
95,基隆市,4.2,4.6,3.7,15.8,13.1,18.3,7.6,9.2,6.5,5.8,6.3,5.2,4.7,6.5,2.2,3.4,4.7,1.6,3.4,3.5,3.2,2.5,2.2,2.9,2.3,2.3,2.2,3.5,3.9,2.3,3.6,4.3,2.4,2.1,1.2,3.9
95,新竹市,4.1,4.5,3.6,5.6,5.4,5.7,14.1,16.9,12.0,5.6,7.0,4.2,2.3,2.6,1.9,2.6,2.0,3.4,2.8,3.7,1.5,2.3,2.7,1.7,2.7,3.1,2.0,4.6,5.6,2.1,3.5,4.8,0,0.9,1.3,0
95,臺北縣,3.8,3.9,3.6,8.5,6.6,10.7,9.2,11.3,7.5,5.5,6.2,4.8,3.7,4.2,2.9,2.3,2.4,2.2,3.0,3.0,2.9,1.9,1.6,2.4,3.0,3.8,1.5,2.6,1.8,4.7,1.6,1.9,0.4,1.2,0.7,3.4
95,宜蘭縣,4.1,4.2,4.0,15.0,20.7,8.0,9.1,13.6,6.1,5.2,4.7,5.8,3.3,3.8,2.7,2.5,2.7,2.2,2.9,2.5,3.5,3.4,2.7,4.5,3.2,3.5,2.8,2.5,2.8,1.8,1.6,1.8,0.8,1.3,0.7,3.4
95,桃園縣,4.0,3.8,4.2,7.1,5.9,8.7,9.9,8.8,10.7,5.9,6.0,5.8,4.9,4.8,5.0,2.1,2.1,2.1,1.9,2.5,1.1,2.5,2.7,2.3,2.5,2.6,2.3,1.9,2.3,0.7,1.4,1.1,2.6,1.3,0.8,3.3
95,新竹縣,3.4,3.2,3.8,22.7,17.7,27.4,8.5,11.6,6.1,4.8,4.4,5.3,3.2,3.3,2.9,2.5,2.1,3.0,1.6,1.9,1.0,1.8,1.5,2.4,3.2,3.3,2.8,0,0,0,0,0,0,0,0,0
95,中部區域,4.0,4.2,3.7,13.5,12.1,15.0,10.8,12.5,9.4,5.5,6.0,4.9,3.9,4.5,3.2,3.0,3.5,2.3,2.0,2.1,2.0,2.0,2.2,1.5,2.6,3.2,1.6,2.4,2.9,1.3,1.3,1.7,0.6,0.1,0.1,0
95,臺中市,4.1,4.5,3.7,11.3,10.2,12.7,13.1,14.0,12.5,5.3,6.1,4.6,3.6,4.0,3.2,3.9,5.8,1.9,2.5,2.6,2.3,2.6,2.8,2.2,2.6,3.8,0.5,0.7,0.7,0.8,1.9,1.0,4.1,0,0,0
95,苗栗縣,3.8,3.7,4.0,12.3,5.7,18.1,9.3,9.0,9.6,5.1,5.4,4.8,3.5,3.7,3.3,2.0,2.4,1.5,2.2,2.6,1.7,1.7,2.0,1.3,3.3,3.0,3.7,4.4,5.0,2.4,2.5,3.1,0.5,0,0,0
95,臺中縣,4.1,4.1,4.1,11.9,12.5,11.3,10.2,12.0,8.9,5.3,5.4,5.1,4.4,4.7,3.9,3.4,3.6,3.1,2.1,1.9,2.3,1.5,1.6,1.3,2.2,2.1,2.2,2.4,2.9,1.1,1.0,1.3,0.1,0.2,0.3,0
95,彰化縣,3.8,4.4,3.0,14.2,13.2,15.2,10.9,15.1,7.4,5.1,5.9,4.1,3.9,5.3,2.0,2.4,2.6,2.1,1.2,1.4,0.9,1.9,2.5,1.0,3.3,4.3,1.5,2.0,2.4,0.8,0.5,0.7,0,0.2,0.3,0
95,南投縣,4.2,4.3,4.0,16.9,10.0,26.0,9.2,11.2,7.6,7.0,8.1,5.7,5.2,5.8,4.3,2.4,2.5,2.2,2.3,2.0,2.7,1.9,1.6,2.2,2.7,3.5,1.2,3.7,4.8,1.7,1.8,2.4,0.3,0,0,0
95,雲林縣,3.9,3.8,4.0,20.3,21.9,18.5,11.7,11.4,12.0,6.2,6.4,5.9,2.7,2.8,2.6,2.5,2.8,1.9,2.2,2.3,1.8,2.4,2.9,1.4,2.0,2.6,0.7,2.5,2.8,2.0,1.5,2.3,0,0,0,0
95,南部區域,3.9,4.1,3.7,11.8,10.9,12.7,10.3,12.1,9.0,6.3,7.2,5.3,3.6,3.7,3.5,3.1,3.5,2.5,2.5,2.7,2.1,2.6,3.0,2.1,2.1,2.5,1.4,2.2,2.4,1.7,1.9,2.2,1.2,0.1,0.2,0
95,高雄市,4.2,4.3,4.0,8.1,4.1,12.0,10.4,13.3,8.7,7.6,8.8,6.4,4.0,4.1,4.0,3.9,4.6,3.1,2.8,3.0,2.5,2.3,1.9,2.8,1.3,1.8,0.3,2.0,2.2,1.5,0.6,0.8,0,0.2,0.3,0
95,嘉義市,3.9,3.9,3.8,20.1,14.8,25.0,13.6,13.8,13.4,5.8,6.2,5.5,2.4,2.3,2.5,2.5,3.8,0.9,2.6,3.4,1.4,3.6,4.3,2.4,1.7,1.6,1.8,1.7,2.0,0.9,4.0,0.3,14.2,0,0,0
95,臺南市,3.8,4.1,3.4,8.3,6.1,11.2,7.6,9.6,6.2,5.9,6.8,5.0,3.7,3.5,4.0,3.1,3.4,2.8,2.5,3.5,1.4,2.5,3.2,1.7,2.1,2.0,2.3,2.6,3.5,0.8,3.2,2.3,5.3,0.2,0.3,0
95,嘉義縣,3.8,3.7,4.0,12.5,12.0,12.9,11.5,10.9,12.0,4.8,6.0,3.2,4.1,3.9,4.4,2.9,2.7,3.4,2.7,2.5,3.0,2.2,2.9,1.0,2.3,2.4,2.1,3.1,4.2,1.0,0.5,0.7,0,0.3,0.4,0
95,臺南縣,3.8,4.4,3.0,9.9,13.8,5.7,9.5,14.4,5.6,6.0,6.9,5.1,3.0,3.4,2.5,2.8,3.6,1.8,2.3,2.8,1.6,3.2,3.3,3.0,2.4,3.1,1.3,3.3,3.0,3.9,2.8,3.7,1.3,0,0,0
95,高雄縣,4.1,4.2,4.0,12.2,8.4,16.0,11.8,12.4,11.4,6.4,7.5,5.2,4.0,4.5,3.5,2.5,2.5,2.5,2.0,2.3,1.6,2.8,3.5,1.7,2.8,3.2,2.0,0.9,0.7,1.5,1.7,2.4,0,0,0,0
95,屏東縣,3.7,3.9,3.5,19.4,25.2,12.7,9.4,9.1,9.6,5.6,6.3,4.7,3.1,2.9,3.3,3.1,3.8,2.1,2.5,2.2,2.9,2.4,3.3,0.9,2.0,2.7,0.7,2.1,2.4,1.4,2.3,3.3,0,0.4,0.6,0
95,澎湖縣,4.1,3.4,5.2,21.0,11.4,35.1,14.4,17.8,12.5,6.4,6.2,6.6,2.9,3.1,2.6,3.1,3.2,2.9,1.5,1.1,2.5,1.8,1.0,3.4,1.7,1.6,2.0,0.3,0.4,0,1.9,2.6,0,0,0,0
95,東部區域,4.1,4.1,4.0,11.0,8.5,13.5,9.9,13.8,7.0,6.7,6.6,6.7,3.4,3.5,3.3,3.5,3.8,2.9,2.3,2.0,2.9,2.8,2.3,3.6,2.7,3.5,1.5,2.8,3.7,1.1,2.1,2.0,2.3,0,0,0
95,臺東縣,3.9,4.3,3.3,3.4,6.5,0,10.7,13.2,8.7,6.5,7.6,5.1,5.0,4.8,5.2,2.2,3.2,0.5,1.9,2.7,0.3,3.2,2.7,4.0,2.4,2.6,2.0,2.9,4.6,0,0.3,0.4,0,0,0,0
95,花蓮縣,4.2,3.9,4.5,15.8,9.8,21.6,9.4,14.2,5.7,6.8,6.0,7.8,2.4,2.6,2.0,4.4,4.3,4.5,2.7,1.5,4.6,2.6,2.0,3.4,2.9,3.9,1.1,2.6,3.0,1.9,3.2,3.2,3.2,0,0,0
96,臺灣地區,3.91,4.05,3.72,11.13,10.84,11.43,10.56,11.54,9.82,5.87,6.53,5.15,3.87,4.01,3.70,2.76,3.09,2.31,2.81,3.21,2.26,2.47,2.88,1.85,2.33,2.67,1.74,1.95,2.15,1.54,1.29,1.59,0.57,0.16,0.16,0.15
96,北部區域,3.8,3.9,3.7,10.8,10.1,11.6,9.6,10.2,9.1,5.8,6.6,5.0,4.0,4.2,3.7,2.8,3.0,2.6,2.9,3.1,2.6,2.4,2.7,1.9,2.2,2.4,1.8,2.3,2.3,2.3,1.3,1.4,1.0,0.4,0.3,0.7
96,臺北市,3.7,3.8,3.6,9.7,8.8,10.5,11.3,12.6,10.4,6.9,8.4,5.6,4.6,4.2,5.0,3.1,3.5,2.7,2.0,2.1,1.8,2.7,3.5,1.7,1.7,1.9,1.5,1.9,2.0,1.6,0.8,0.9,0.5,0,0,0
96,基隆市,4.2,4.3,4.1,9.3,10.5,8.5,11.3,10.8,11.7,5.0,7.0,2.8,4.5,4.7,4.1,3.5,3.9,3.0,3.3,4.3,1.7,4.1,3.5,5.0,1.6,1.3,2.2,1.7,1.5,2.0,2.2,1.3,4.5,0,0,0
96,新竹市,3.8,4.1,3.4,12.5,12.1,12.9,8.1,8.1,8.1,6.1,7.2,5.0,3.7,4.4,2.9,2.4,3.0,1.5,2.0,2.3,1.6,2.5,2.7,2.2,4.1,3.8,4.6,3.3,4.5,1.2,0.6,0.9,0,0,0,0
96,臺北縣,3.8,3.8,3.8,11.5,9.2,14.1,8.6,9.0,8.3,5.5,6.0,4.9,4.0,4.3,3.6,2.2,2.3,2.1,3.0,3.1,2.9,2.1,2.1,2.0,2.5,2.9,1.9,3.1,2.7,4.1,1.4,1.6,0.6,1.2,0.9,2.4
96,宜蘭縣,4.0,3.8,4.3,9.8,7.3,12.4,10.5,11.5,9.8,6.1,6.6,5.6,3.8,3.8,3.7,3.4,3.1,3.8,2.9,3.3,2.4,1.3,1.3,1.5,2.5,2.5,2.5,2.2,2.2,2.3,1.3,1.2,1.5,0.5,0.6,0
96,桃園縣,4.0,4.2,3.7,7.7,9.3,5.8,9.7,10.6,9.0,5.6,6.2,5.0,3.4,3.8,2.9,3.3,3.3,3.3,3.7,4.2,3.1,2.4,3.0,1.4,1.8,2.3,1.0,1.3,1.5,0.8,1.2,0.8,2.4,0.2,0.2,0
96,新竹縣,3.9,4.0,3.8,22.8,23.2,22.3,10.3,10.8,9.9,3.9,3.8,4.0,3.2,4.2,1.9,2.3,2.9,1.4,3.3,2.7,4.1,2.5,3.0,1.7,2.7,2.3,3.4,1.5,2.1,0,4.4,5.4,1.3,0,0,0
96,中部區域,4.0,4.0,3.9,10.9,11.3,10.4,11.7,12.5,11.1,5.6,6.2,5.0,4.0,3.7,4.3,2.5,2.6,2.4,2.6,3.1,1.9,2.3,2.6,1.7,2.3,2.6,1.7,1.7,2.1,0.9,1.0,1.4,0.1,0.1,0.1,0.1
96,臺中市,4.0,4.1,3.9,14.6,11.1,19.2,12.7,11.1,13.9,6.9,8.8,5.1,4.6,4.6,4.5,1.6,2.1,1.1,2.8,3.2,2.4,2.2,2.2,2.3,2.0,2.3,1.5,2.7,3.4,1.3,0.5,0.5,0.4,0,0,0
96,苗栗縣,3.9,4.1,3.6,10.5,15.4,7.1,10.3,8.0,12.2,4.7,6.1,3.2,3.2,3.8,2.4,3.6,4.5,2.2,2.9,3.7,1.7,2.0,2.0,2.0,2.8,3.8,0.9,1.7,1.5,2.4,1.7,2.5,0,0,0,0
96,臺中縣,4.0,3.8,4.3,6.3,6.3,6.4,10.5,11.7,9.5,5.3,5.4,5.2,4.3,3.4,5.5,3.2,2.7,3.9,2.6,2.9,2.1,2.2,2.7,1.4,2.2,2.3,2.1,1.6,1.5,1.6,0.8,1.0,0,0,0,0
96,彰化縣,3.8,4.2,3.3,8.2,12.2,4.8,11.6,14.5,9.0,5.1,5.7,4.5,3.8,3.6,3.9,2.0,2.6,1.1,2.8,3.4,2.0,2.5,2.9,1.7,2.0,2.5,1.0,2.1,2.8,0.6,1.2,1.7,0,0.3,0.3,0.3
96,南投縣,4.2,4.1,4.4,16.2,13.8,18.3,11.7,11.6,11.7,6.6,5.6,7.8,3.5,4.1,2.5,3.0,3.1,2.8,2.8,3.5,1.6,2.2,2.4,1.8,3.4,3.7,2.8,1.6,2.4,0.3,1.6,2.2,0.3,0.2,0.3,0
96,雲林縣,3.9,3.7,4.2,24.5,22.3,27.2,15.1,16.2,14.1,5.6,6.2,5.0,3.7,3.2,4.4,2.3,1.5,3.8,1.7,2.2,0.7,2.3,2.9,1.1,2.2,2.5,1.7,0.7,1.1,0,0.5,0.8,0,0,0,0
96,南部區域,4.0,4.3,3.6,11.5,11.1,11.9,10.9,12.5,9.8,6.2,6.8,5.6,3.6,3.9,3.1,2.9,3.7,1.9,2.9,3.4,2.1,2.7,3.3,1.9,2.6,3.0,1.8,1.6,2.0,0.9,1.5,2.0,0.5,0.1,0.1,0
96,高雄市,4.2,4.6,3.6,9.2,6.4,12.1,11.3,11.1,11.4,6.4,7.2,5.7,3.9,4.3,3.4,3.5,5.4,1.1,3.2,3.7,2.5,2.4,3.4,1.0,2.9,3.4,2.0,2.1,2.4,1.2,2.9,3.7,0.3,0,0,0
96,嘉義市,3.8,4.3,3.3,28.5,32.8,25.3,13.8,17.9,11.3,6.8,6.5,7.1,3.3,4.0,2.6,2.1,3.3,0.8,2.1,3.1,0.7,2.0,2.8,0.8,1.5,1.9,0.7,1.5,2.3,0,1.1,1.7,0,0,0,0
96,臺南市,3.7,4.2,3.1,9.5,7.6,12.2,11.3,15.2,8.4,5.0,7.0,3.0,3.3,3.7,2.8,3.0,2.9,3.0,2.4,2.7,1.9,2.3,2.6,2.0,2.3,2.6,1.7,2.8,3.2,2.1,1.5,2.0,0,0.1,0.1,0
96,嘉義縣,3.8,3.9,3.7,8.5,8.7,8.4,9.9,9.7,10.0,6.0,6.9,5.0,2.7,2.1,3.7,3.6,3.8,3.1,2.9,3.2,2.5,4.1,4.9,2.6,2.6,3.6,0.8,0.8,0.7,1.0,1.1,1.1,0.9,0.2,0.2,0
96,臺南縣,3.9,4.3,3.5,11.0,15.2,7.6,10.4,12.4,8.9,5.3,5.4,5.3,4.6,5.2,4.0,2.0,2.2,1.6,3.5,4.2,2.5,2.7,3.2,1.9,3.4,3.8,2.6,1.8,2.2,1.0,2.4,3.3,0.8,0,0,0
96,高雄縣,4.1,4.4,3.6,10.4,9.0,12.3,11.1,13.1,9.6,7.0,8.3,5.7,2.9,3.5,2.1,3.5,4.2,2.5,2.2,2.6,1.7,3.0,3.6,2.1,2.8,3.0,2.5,0.8,1.2,0.1,0.2,0.3,0,0.2,0.3,0
96,屏東縣,3.8,3.7,3.9,16.1,17.1,14.6,10.3,11.5,9.4,6.8,5.9,8.0,3.5,3.7,3.3,2.2,2.7,1.5,3.1,3.7,2.0,2.9,2.7,3.3,1.4,2.0,0.4,1.4,1.8,0.8,0.7,0.8,0.5,0,0,0
96,澎湖縣,3.8,3.7,3.9,33.7,29.4,37.6,14.0,17.4,12.0,7.4,7.9,6.8,2.0,2.3,1.4,1.9,2.6,0.7,2.4,3.2,0.6,0.8,1.0,0.4,0.8,1.1,0,1.0,1.3,0,0.4,0,1.4,0,0,0
96,東部區域,4.0,4.5,3.3,15.6,14.9,16.6,10.4,12.2,9.2,5.6,6.4,4.7,4.5,4.9,3.9,2.7,3.5,1.5,3.0,4.3,0.9,2.8,3.8,1.1,2.1,2.7,1.3,2.3,2.5,2.0,1.9,1.7,2.3,0.1,0.1,0
96,臺東縣,3.8,4.4,3.1,16.6,20.5,12.2,9.6,7.8,10.9,6.8,8.6,4.5,3.9,4.6,2.8,2.3,3.0,1.3,3.1,4.3,1.0,3.0,4.6,0.2,1.6,1.9,1.0,1.7,1.3,2.2,0.6,0.4,1.0,0,0,0
96,花蓮縣,4.1,4.5,3.4,14.9,11.5,20.4,11.0,15.4,7.9,4.9,4.9,4.9,4.9,5.0,4.7,3.1,4.0,1.7,2.9,4.2,0.9,2.6,3.3,1.6,2.5,3.2,1.5,2.8,3.3,1.8,2.9,2.7,3.5,0.2,0.2,0
97,臺灣地區,4.14,4.39,3.83,11.42,11.28,11.58,11.89,12.72,11.23,6.38,7.19,5.53,3.89,4.25,3.45,2.97,3.39,2.43,2.63,3.10,1.99,2.76,3.23,2.07,2.65,3.17,1.80,2.33,2.60,1.78,1.38,1.68,0.67,0.17,0.22,0.07
97,北部區域,4.1,4.4,3.8,11.6,10.6,12.8,11.3,12.3,10.5,6.6,7.5,5.6,3.7,4.2,3.1,2.9,3.4,2.3,2.6,3.1,2.0,2.7,3.0,2.4,2.8,3.3,2.1,2.4,2.5,2.4,1.6,1.8,0.9,0.4,0.5,0
97,臺北市,4.0,4.3,3.7,7.2,7.5,7.0,11.5,10.9,11.9,8.7,10.7,6.9,4.1,4.6,3.7,3.2,3.7,2.6,2.5,3.1,1.8,2.8,3.3,2.3,2.3,2.4,2.0,1.8,1.8,2.0,1.2,1.4,0.6,0.1,0.1,0
97,基隆市,4.3,5.2,3.0,6.6,8.0,5.1,12.7,15.4,10.8,4.9,7.0,2.6,5.6,7.2,3.6,3.5,4.3,2.3,2.9,3.7,1.7,2.9,4.0,1.3,2.8,3.6,1.4,2.6,3.3,0.7,2.8,3.1,1.8,0,0,0
97,新竹市,4.1,4.4,3.8,7.3,5.7,9.1,10.9,14.4,8.4,5.1,5.6,4.7,4.1,4.4,3.7,3.1,3.8,2.3,3.0,2.7,3.3,3.2,3.4,3.1,2.9,3.2,2.3,3.0,3.6,2.0,1.8,2.8,0,0.6,0.8,0
97,臺北縣,4.1,4.2,3.8,13.5,11.3,16.6,11.1,12.7,9.7,6.0,6.6,5.3,3.4,3.9,2.8,2.3,2.7,1.8,2.5,2.6,2.2,2.7,2.9,2.3,3.3,3.6,2.8,2.9,2.8,3.1,1.3,1.7,0,0.7,1.0,0
97,宜蘭縣,4.3,4.3,4.2,9.0,8.8,9.3,10.3,9.1,11.2,7.7,8.9,6.5,3.5,4.6,2.0,4.0,4.1,3.9,2.4,2.6,2.1,3.2,2.7,4.0,2.1,2.9,0.7,1.7,2.1,0.7,1.9,2.3,0.8,0.6,0.7,0
97,桃園縣,4.3,4.6,3.9,13.4,11.2,15.8,11.8,13.3,10.7,5.8,6.5,5.2,3.5,4.3,2.6,3.0,3.5,2.4,3.3,4.2,2.1,2.5,2.3,2.7,2.9,3.9,1.3,2.3,2.7,1.7,2.6,2.9,1.9,0,0,0
97,新竹縣,4.0,4.2,3.7,15.9,22.8,9.2,10.4,9.4,11.2,5.8,6.3,5.2,2.9,2.9,2.9,3.8,4.9,2.2,1.6,2.2,0.8,2.6,3.0,2.0,3.5,4.4,1.8,3.9,2.8,6.6,1.6,0,5.3,1.1,1.5,0
97,中部區域,4.2,4.3,4.0,9.9,9.9,10.0,12.6,13.9,11.6,6.0,6.3,5.7,4.2,4.3,4.1,2.9,3.1,2.7,2.5,3.0,1.9,2.6,3.2,1.7,2.4,3.1,1.1,2.1,2.6,1.1,1.3,1.4,1.0,0.0,0.0,0
97,臺中市,4.2,4.3,4.0,13.0,12.6,13.4,15.1,15.7,14.8,7.9,8.4,7.4,4.0,3.9,4.1,2.5,2.4,2.6,1.8,2.7,0.8,2.2,2.7,1.7,1.8,2.6,0.5,2.9,3.7,1.5,1.8,2.5,0,0,0,0
97,苗栗縣,4.2,4.3,4.0,9.8,14.3,5.1,11.6,16.7,7.5,6.4,6.2,6.7,3.6,3.3,4.1,2.5,2.6,2.3,3.7,4.1,3.0,2.5,2.1,3.3,1.7,2.3,0.7,1.8,2.3,0.9,1.1,1.4,0,0,0,0
97,臺中縣,4.2,4.1,4.4,6.3,4.4,8.8,11.8,12.0,11.6,5.4,5.6,5.1,4.9,4.5,5.3,3.4,3.9,2.7,2.2,1.8,2.8,2.9,3.8,1.5,2.2,2.6,1.6,1.6,2.0,1.0,2.3,2.1,2.9,0.1,0.2,0
97,彰化縣,4.2,4.6,3.5,13.1,14.4,12.0,12.4,13.8,11.1,5.5,6.0,5.0,3.4,4.1,2.4,3.3,3.2,3.3,2.8,3.8,1.3,2.3,3.2,0.9,2.8,4.0,0.6,1.9,2.6,0.4,0.9,1.1,0.4,0,0,0
97,南投縣,4.4,4.8,3.8,10.9,11.7,9.9,11.4,12.7,10.4,5.9,6.3,5.4,5.6,6.8,4.0,2.6,3.4,1.4,3.2,4.1,2.0,3.8,4.4,2.7,2.4,2.5,2.3,2.4,3.1,1.1,2.1,1.5,3.1,0,0,0
97,雲林縣,4.0,4.1,3.9,10.9,11.3,10.3,14.1,15.2,13.0,5.6,6.0,5.1,4.2,3.9,4.6,2.9,2.7,3.2,2.7,2.9,2.3,2.4,2.8,1.6,3.0,4.1,1.1,2.2,2.5,1.8,0.2,0.2,0,0,0,0
97,南部區域,4.2,4.4,3.8,11.8,13.0,10.6,12.2,12.0,12.3,6.5,7.6,5.3,4.0,4.2,3.6,3.0,3.5,2.4,2.7,3.3,2.0,2.9,3.7,1.7,2.7,3.1,1.9,2.4,2.8,1.7,1.1,1.5,0.2,0.2,0.2,0.1
97,高雄市,4.3,4.6,4.1,9.8,5.9,13.4,13.9,14.1,13.8,7.0,8.1,6.0,4.4,4.9,3.8,3.2,3.7,2.5,2.9,3.4,2.2,3.1,4.0,1.8,2.6,2.7,2.4,1.9,2.2,1.2,0.3,0.4,0,1.1,1.7,0
97,嘉義市,4.1,5.1,2.9,20.5,40.8,3.6,12.8,9.3,15.1,4.9,7.2,2.8,4.8,5.1,4.3,2.4,2.9,1.9,3.9,6.3,0.7,2.2,3.3,0.5,1.9,2.8,0.5,3.7,5.2,0.3,3.2,5.1,0,0,0,0
97,臺南市,4.0,4.4,3.5,11.6,13.0,9.7,13.0,13.9,12.4,5.8,7.1,4.5,3.5,4.0,2.9,3.2,4.1,2.1,2.4,2.9,1.8,2.4,3.2,1.4,2.0,2.4,1.4,2.3,2.2,2.6,1.4,2.0,0,0.4,0,1.5
97,嘉義縣,4.2,4.9,3.1,8.5,12.5,2.8,11.3,11.5,11.1,6.6,8.3,4.7,3.9,4.7,2.7,3.5,4.5,1.8,3.1,3.5,2.2,3.7,4.9,1.3,2.8,3.6,1.1,3.4,4.3,1.6,0.6,0.9,0,0,0,0
97,臺南縣,4.1,4.4,3.8,12.9,15.0,11.2,12.4,12.8,12.0,6.5,7.3,5.7,3.2,3.1,3.2,2.1,2.6,1.5,2.8,3.1,2.4,3.3,3.7,2.7,3.0,3.8,1.6,2.8,3.6,1.5,2.0,2.6,0.9,0.0,0,0.0
97,高雄縣,4.2,4.2,4.2,10.9,9.1,13.0,9.9,8.9,10.6,7.0,8.5,5.5,4.0,3.9,4.1,3.4,3.2,3.7,2.5,2.9,2.0,2.6,3.2,1.7,3.4,3.5,3.2,1.9,1.8,2.1,1.3,2.0,0,0,0,0
97,屏東縣,4.0,4.2,3.6,15.1,23.2,6.7,12.5,11.7,13.1,5.5,5.8,5.2,4.5,4.9,4.0,3.2,4.0,2.0,2.3,2.7,1.4,2.7,3.6,1.2,2.2,2.7,1.5,2.6,3.0,1.8,0.4,0.6,0,0,0,0
97,澎湖縣,4.2,4.1,4.2,16.7,16.5,16.8,12.0,11.6,12.2,8.0,10.0,5.8,2.3,1.0,4.3,2.8,3.2,2.2,5.0,6.0,3.0,1.6,1.2,2.4,2.2,3.2,0.2,0.9,0.9,0.8,0.2,0.4,0,0,0,0
97,東部區域,4.1,4.5,3.6,20.4,22.6,18.0,10.7,14.4,8.2,6.0,6.3,5.6,3.6,4.1,2.9,3.8,4.0,3.3,2.5,2.8,1.9,2.9,3.5,2.1,2.0,2.6,1.1,2.0,2.8,0.6,3.1,4.2,0.9,0.1,0,0.5
97,臺東縣,4.0,4.2,3.8,23.2,22.5,23.9,9.1,9.9,8.5,7.3,8.2,6.3,3.6,4.4,2.4,3.2,3.3,3.0,2.2,1.9,2.9,2.6,3.2,1.6,2.2,2.4,2.0,2.5,3.6,1.0,1.6,2.3,0.5,0,0,0
97,花蓮縣,4.2,4.8,3.5,19.0,22.7,14.4,11.9,18.2,8.0,5.1,5.0,5.1,3.6,3.9,3.2,4.2,4.6,3.5,2.7,3.5,1.2,3.2,3.8,2.3,1.8,2.8,0.4,1.5,2.3,0.3,4.6,6.0,1.4,0.3,0,1.4
98,臺灣地區,5.85,6.53,4.96,13.55,13.38,13.71,14.67,16.15,13.53,8.77,10.26,7.19,5.82,6.76,4.69,4.64,5.52,3.54,4.23,5.31,2.80,4.27,5.07,3.12,4.14,5.02,2.70,3.54,4.43,1.82,2.00,2.30,1.31,0.13,0.18,0
98,北部區域,5.9,6.5,5.1,12.7,12.8,12.5,14.3,16.8,12.5,8.9,10.4,7.4,5.8,6.7,4.8,4.5,5.3,3.4,4.4,5.4,3.1,4.3,4.6,3.9,4.2,5.0,3.0,3.6,4.2,2.3,2.0,2.1,1.9,0.1,0.2,0
98,臺北市,5.8,6.6,4.9,7.5,6.8,8.2,15.6,15.5,15.7,11.3,14.6,8.1,6.5,7.8,5.2,5.3,6.5,4.1,4.4,5.7,3.0,3.7,4.3,3.1,3.6,4.5,2.4,3.0,2.9,3.1,1.2,1.1,1.4,0.1,0.1,0
98,基隆市,5.7,6.6,4.5,5.9,5.2,6.5,12.0,12.6,11.4,7.8,6.7,8.9,6.0,8.4,2.9,5.1,7.3,2.0,3.8,4.2,3.3,5.0,6.5,2.5,5.3,6.5,2.7,3.9,5.4,0.2,5.1,3.6,10.3,0,0,0
98,新竹市,5.8,6.4,5.1,18.5,17.5,19.3,13.6,16.6,11.6,7.9,8.5,7.3,5.3,5.0,5.5,2.7,2.4,3.1,4.6,6.2,2.6,5.0,6.7,2.8,5.9,7.6,3.2,3.4,4.6,1.2,6.4,8.2,2.6,1.5,2.1,0
98,臺北縣,5.9,6.5,5.1,13.1,12.7,13.6,13.8,17.3,11.2,8.7,10.0,7.3,5.4,6.1,4.7,4.1,5.0,3.0,4.7,5.8,3.3,4.2,4.1,4.5,4.0,4.6,3.0,4.0,5.0,1.7,2.8,3.2,1.9,0.1,0.1,0
98,宜蘭縣,5.7,6.0,5.3,15.6,13.6,17.5,14.6,16.2,13.2,8.8,10.3,7.0,5.5,6.0,4.8,3.5,3.6,3.3,4.2,4.6,3.6,3.8,4.6,2.7,4.0,3.9,4.2,5.1,6.6,1.9,0.9,1.1,0.6,0,0,0
98,桃園縣,6.0,6.6,5.2,15.3,18.2,12.2,14.0,16.0,12.5,7.5,8.5,6.5,5.8,6.7,4.7,4.8,5.5,3.7,3.9,4.6,3.0,5.3,5.6,4.9,5.0,6.2,3.1,3.0,3.4,2.1,1.0,0.7,2.0,0,0,0
98,新竹縣,5.9,6.4,5.2,14.1,15.0,12.3,17.7,24.7,11.8,8.5,8.7,8.4,5.7,6.8,4.5,4.0,4.6,3.2,4.1,5.7,1.8,3.7,3.5,4.1,4.4,3.6,6.0,5.4,6.4,3.3,0.7,0.9,0,0,0,0
98,中部區域,5.8,6.6,4.9,14.2,14.5,13.8,14.5,15.7,13.5,8.5,9.6,7.3,5.7,6.5,4.7,4.7,5.6,3.4,4.1,5.2,2.5,4.2,5.3,2.4,4.0,5.1,2.3,3.6,4.9,1.1,2.0,2.5,0.9,0.1,0.1,0
98,臺中市,5.9,6.7,5.0,17.2,11.7,19.9,19.3,21.4,18.0,9.3,11.4,7.3,7.0,8.6,5.4,4.0,4.2,3.9,3.8,5.2,2.3,4.1,5.8,2.0,3.0,3.7,1.9,2.8,3.8,1.0,2.1,2.8,0,0,0,0
98,苗栗縣,5.8,6.7,4.7,13.5,12.8,14.3,16.1,21.5,11.8,7.6,9.9,5.1,5.5,6.1,4.7,3.8,4.7,2.5,4.3,4.7,3.6,4.3,5.3,2.8,4.5,5.1,3.4,3.7,4.8,1.7,1.7,2.1,0,0.6,0.8,0
98,臺中縣,5.8,6.5,5.0,15.0,15.9,13.8,12.9,12.8,13.1,8.1,8.7,7.5,4.9,5.8,3.8,5.4,7.0,3.4,4.0,5.3,2.2,3.6,4.1,2.9,4.8,6.1,2.7,3.4,4.5,1.2,1.8,2.0,1.2,0.1,0.1,0
98,彰化縣,5.8,6.6,4.7,9.7,12.3,6.7,13.7,15.2,12.3,7.9,8.9,6.8,5.6,6.0,5.0,4.3,4.9,3.4,4.4,5.8,2.5,4.4,5.8,2.1,4.5,5.9,2.0,4.0,5.6,0.9,2.2,2.9,0.3,0.1,0.1,0
98,南投縣,6.0,6.7,4.9,12.1,11.2,13.1,13.9,13.9,13.9,9.7,11.3,7.9,5.9,6.9,4.4,5.0,6.0,3.6,3.9,5.3,1.9,4.7,5.8,2.9,3.6,4.3,2.6,4.4,6.2,1.2,2.1,2.5,1.5,0,0,0
98,雲林縣,5.8,6.3,5.0,18.6,20.6,16.1,13.9,15.4,12.4,9.1,9.2,9.0,6.0,6.6,5.2,5.1,6.2,3.3,4.1,4.6,3.2,4.5,6.0,1.7,3.2,4.3,1.2,3.7,5.3,0.8,2.2,2.5,1.5,0,0,0
98,南部區域,5.8,6.5,4.9,14.8,14.0,15.3,15.2,15.4,15.1,8.8,10.6,6.8,5.9,7.0,4.5,4.9,5.7,3.8,4.1,5.1,2.6,4.3,5.6,2.4,4.2,5.1,2.7,3.5,4.3,1.8,1.9,2.3,1.0,0.1,0.2,0
98,高雄市,5.9,6.7,5.0,9.3,3.8,13.6,14.4,15.4,13.8,10.1,11.6,8.6,6.3,7.6,4.8,5.3,6.2,4.2,3.9,4.8,2.5,4.1,5.5,2.2,3.5,4.4,2.1,3.2,4.0,1.7,3.0,4.0,0.5,0.3,0.4,0
98,嘉義市,5.8,6.8,4.6,7.7,15.8,0,18.0,20.7,16.1,6.6,8.3,4.9,7.5,8.9,6.0,4.3,4.0,4.7,4.7,6.9,1.5,4.3,6.4,1.2,3.6,4.6,2.1,4.2,3.6,5.4,1.4,2.3,0,0,0,0
98,臺南市,5.7,6.4,4.8,19.1,17.2,20.8,11.4,11.4,11.3,10.1,12.6,7.4,6.0,6.3,5.6,4.6,5.4,3.8,3.8,5.3,1.9,3.8,4.9,2.5,4.1,4.9,2.9,2.0,1.9,2.0,2.0,2.2,1.6,1.1,1.6,0
98,嘉義縣,5.9,6.6,4.7,29.9,30.3,29.5,15.4,18.2,12.9,7.3,9.1,5.2,4.9,5.7,3.7,5.6,6.8,3.6,3.7,4.1,3.0,4.1,5.3,1.9,6.8,8.0,4.4,4.2,5.0,2.6,1.3,2.1,0,0,0,0
98,臺南縣,5.9,6.8,4.6,18.3,20.4,16.5,17.1,18.5,16.0,8.0,8.9,7.0,5.8,7.7,3.3,4.4,5.6,2.8,3.8,4.6,2.7,4.3,5.9,1.8,4.5,5.6,2.6,4.7,6.7,1.3,2.0,2.2,1.7,0,0,0
98,高雄縣,5.8,6.2,5.2,11.0,10.4,11.3,15.7,13.0,17.7,7.9,10.1,5.7,5.4,6.5,3.9,4.5,5.5,3.0,4.7,5.8,3.0,5.1,5.8,4.0,4.2,4.0,4.4,3.4,4.0,2.0,1.7,2.0,1.1,0,0,0
98,屏東縣,5.8,6.5,4.7,9.0,9.3,8.7,16.0,14.6,17.0,9.3,12.0,6.1,6.2,7.0,5.1,5.5,5.6,5.5,4.0,4.9,2.6,4.3,5.9,1.4,3.8,5.7,0.3,2.8,3.8,0.7,1.2,1.2,1.1,0,0,0
98,澎湖縣,5.7,6.2,5.0,21.5,40.2,14.6,15.5,27.2,10.3,6.4,8.6,4.1,6.8,5.7,8.3,4.1,4.8,3.1,4.2,4.9,3.1,2.9,3.1,2.7,5.3,6.1,3.3,6.4,8.3,3.9,0.4,0.5,0,0,0,0
98,東部區域,5.8,6.5,5.0,11.5,6.6,16.0,16.6,19.1,15.0,8.5,10.1,6.6,6.3,7.9,4.1,4.7,5.7,3.1,5.0,6.1,3.4,3.9,4.2,3.4,3.3,4.0,2.3,3.2,4.5,1.3,2.6,2.5,2.6,0.4,0.6,0
98,臺東縣,5.8,6.7,4.5,13.4,5.2,21.4,14.1,20.0,9.9,6.6,7.9,5.1,6.8,9.5,2.9,4.7,5.4,3.6,5.3,6.0,4.1,5.5,6.1,4.6,3.3,3.6,2.9,3.5,5.9,0.5,5.1,5.0,5.1,0,0,0
98,花蓮縣,5.9,6.3,5.4,10.3,7.6,12.6,18.3,18.5,18.1,9.8,11.6,7.7,6.0,6.8,5.0,4.6,5.9,2.8,4.8,6.1,2.8,2.7,2.8,2.5,3.3,4.3,1.9,2.9,3.5,1.9,0.3,0.4,0,0.8,1.0,0
99,臺灣地區,5.21,5.80,4.45,10.93,10.97,10.89,13.51,14.20,12.96,8.15,9.40,6.86,5.19,6.04,4.17,4.10,4.76,3.28,3.77,4.79,2.44,3.89,4.88,2.50,3.50,4.26,2.29,3.06,3.83,1.60,1.50,1.73,0.99,0.19,0.19,0.19
99,北部區域,5.2,5.9,4.4,10.9,11.7,10.0,12.3,13.4,11.4,8.0,9.7,6.4,5.3,6.2,4.2,4.2,4.7,3.6,4.0,5.0,2.8,4.1,5.0,2.8,3.8,4.5,2.7,2.9,3.3,1.9,1.4,1.5,1.0,0.4,0.3,0.7
99,臺北市,5.2,6.1,4.3,7.4,5.7,9.4,15.0,15.7,14.5,10.2,12.7,7.7,4.4,5.4,3.4,4.8,5.5,4.1,4.1,6.0,2.2,3.9,4.9,2.9,3.8,4.8,2.4,2.5,2.9,1.9,1.4,1.2,1.8,0.7,0.2,2.4
99,基隆市,5.2,6.3,3.7,8.3,11.1,4.2,12.0,14.9,9.8,6.6,8.1,5.2,4.4,4.6,4.0,4.7,6.5,2.1,4.8,6.1,3.2,5.6,7.3,2.8,2.6,3.1,1.6,4.6,6.7,0,2.4,3.1,0,1.4,1.8,0
99,新竹市,5.2,6.1,4.1,3.1,0.9,5.9,11.9,14.6,9.3,6.7,7.9,5.5,5.1,5.5,4.7,4.1,5.0,3.0,4.3,5.1,3.2,5.0,7.2,2.0,4.3,4.8,3.5,3.8,4.5,2.5,4.4,6.2,0,0.9,1.3,0
99,臺北縣,5.2,5.9,4.4,12.0,10.4,13.9,11.1,13.0,9.6,7.5,8.7,6.1,5.6,6.9,4.2,4.0,4.4,3.5,4.3,5.4,2.9,4.1,4.9,2.9,3.9,4.6,2.9,2.6,2.6,2.7,0.9,1.1,0.5,0,0,0
99,宜蘭縣,5.1,5.5,4.6,10.3,5.1,14.9,11.4,9.2,13.2,7.1,8.8,5.4,5.9,6.8,4.7,3.5,3.6,3.4,3.9,4.0,3.6,3.7,5.1,1.7,3.6,4.9,1.6,4.9,6.4,1.9,2.1,2.4,1.5,0,0,0
99,桃園縣,5.3,5.9,4.6,13.6,20.2,5.6,12.7,12.9,12.5,7.7,10.2,5.3,5.5,5.8,5.1,4.0,4.4,3.5,3.4,3.6,3.2,3.8,4.4,2.9,3.6,4.3,2.4,3.0,4.0,0.9,1.1,1.4,0,0,0,0
99,新竹縣,5.1,5.5,4.5,15.4,23.4,0,11.3,12.3,10.5,7.7,6.6,8.8,5.5,7.4,3.4,4.0,4.2,3.7,3.0,3.6,2.1,4.7,6.1,2.3,3.6,2.9,4.9,2.1,2.6,1.1,0.7,0.9,0,0.7,0.9,0
99,中部區域,5.2,5.7,4.6,10.8,10.1,11.5,14.3,14.5,14.0,8.0,8.9,7.0,5.3,5.9,4.6,4.1,4.7,3.3,3.5,4.7,1.9,3.4,4.3,2.0,3.3,4.3,1.8,3.1,4.0,1.4,1.1,1.4,0.7,0.1,0.1,0.0
99,臺中市,5.4,5.9,4.7,14.8,8.7,20.1,16.3,13.8,18.2,9.4,10.1,8.7,5.4,6.6,4.1,4.7,5.4,4.0,3.2,4.7,1.6,3.5,5.0,1.7,3.1,4.5,1.1,3.0,2.9,3.1,1.1,1.7,0,0,0,0
99,苗栗縣,5.3,5.5,4.9,6.3,4.3,7.9,12.5,13.6,11.7,8.3,9.4,7.1,4.4,3.1,5.9,4.2,5.5,2.2,3.9,4.1,3.6,4.2,5.1,2.8,3.8,4.5,2.5,4.0,4.9,2.1,3.1,4.2,0,0.1,0.1,0.1
99,臺中縣,5.1,5.7,4.3,12.1,11.3,13.2,14.7,15.1,14.4,6.3,7.7,4.8,5.1,6.1,3.9,3.2,4.2,1.9,3.4,5.2,1.2,3.1,3.4,2.6,3.2,3.7,2.3,3.2,4.0,1.3,1.0,0.9,1.4,0.2,0.3,0
99,彰化縣,5.2,5.7,4.5,7.3,9.0,5.3,13.8,14.4,13.3,7.9,8.3,7.4,5.8,6.7,4.6,4.3,4.7,3.8,3.8,4.8,2.2,3.1,4.3,1.4,2.9,4.0,0.9,2.8,3.9,0.7,0.8,0.7,1.0,0.2,0.2,0
99,南投縣,5.3,5.9,4.5,11.1,10.0,12.3,13.7,14.8,12.7,9.3,11.1,7.3,6.4,6.4,6.5,4.0,4.6,3.2,3.1,4.1,1.7,3.2,4.7,0.9,3.1,3.7,2.1,3.4,4.8,0.9,1.2,1.0,1.4,0,0,0
99,雲林縣,5.1,5.4,4.8,9.4,14.2,3.7,13.5,14.6,12.6,8.8,9.0,8.6,4.5,4.5,4.4,4.5,4.0,5.3,3.6,4.5,2.1,3.7,4.2,2.6,4.8,5.7,3.0,2.9,4.2,0.2,0.8,1.3,0,0,0,0
99,南部區域,5.2,5.7,4.4,10.9,10.3,11.5,14.4,15.1,13.8,8.6,9.6,7.6,4.9,5.9,3.8,3.9,4.8,2.7,3.6,4.5,2.5,4.0,5.1,2.4,3.1,3.8,2.0,3.2,4.3,1.3,1.9,2.3,1.0,0.1,0.2,0
99,高雄市,5.3,5.5,5.1,7.4,8.3,6.7,16.0,16.4,15.8,10.6,10.6,10.7,4.2,4.9,3.5,3.8,4.3,3.1,3.4,3.5,3.4,4.2,5.1,3.1,3.1,4.0,1.7,2.6,3.0,1.9,2.4,3.1,0.8,0,0,0
99,嘉義市,5.1,6.2,3.8,0,0,0,15.4,18.2,13.4,7.5,9.4,5.6,5.8,7.4,4.1,3.1,3.3,2.9,3.2,3.6,2.8,4.5,6.5,1.8,4.1,6.4,0.8,2.9,4.0,1.3,3.1,3.6,2.2,0,0,0
99,臺南市,5.1,5.7,4.4,21.6,15.0,30.9,12.1,13.1,11.3,7.9,9.8,5.9,4.8,4.8,4.8,3.6,3.7,3.4,5.2,7.2,2.9,3.8,5.1,2.2,2.0,2.0,2.1,2.8,3.9,0.9,1.7,1.5,2.0,0.1,0.2,0
99,嘉義縣,5.1,6.1,3.5,16.9,18.2,16.2,12.5,12.6,12.5,7.5,8.3,6.6,4.9,6.8,2.4,5.6,9.1,0.2,4.3,5.8,1.8,4.1,4.8,2.8,3.3,4.5,1.0,2.9,4.2,0.1,1.5,2.3,0,0,0,0
99,臺南縣,5.2,6.1,3.9,7.2,6.5,8.0,17.0,18.6,15.8,7.7,9.5,5.9,5.3,6.7,3.4,3.4,4.8,1.5,3.7,5.0,1.8,4.2,5.6,2.1,2.9,3.6,1.8,3.6,5.0,1.2,1.4,2.2,0,0.4,0.6,0
99,高雄縣,5.1,5.6,4.5,7.0,6.5,7.4,13.7,11.8,15.2,8.0,9.0,6.9,5.0,6.3,3.3,4.0,4.6,3.2,3.3,4.4,1.6,4.5,5.8,2.5,3.7,4.0,3.3,3.6,4.7,1.6,1.1,0.8,1.8,0,0,0
99,屏東縣,5.1,5.6,4.3,13.8,16.2,11.2,12.8,16.4,9.6,9.0,9.9,8.1,5.8,6.2,5.3,4.2,5.4,2.5,2.6,2.7,2.5,2.9,3.4,2.0,2.9,3.6,1.7,3.9,5.5,0.9,2.5,3.1,1.0,0,0,0
99,澎湖縣,5.1,5.1,4.9,15.3,17.9,12.5,11.0,21.1,6.8,8.4,10.9,6.1,4.1,3.8,4.4,4.7,3.2,7.2,4.2,3.3,5.7,3.2,4.6,0.4,3.6,3.9,2.8,3.4,3.9,2.6,3.8,2.0,7.8,0,0,0
99,東部區域,5.4,5.7,4.8,12.8,13.0,12.6,16.9,14.6,18.7,6.5,6.8,6.1,5.5,5.9,4.9,4.4,5.4,3.1,3.3,4.9,0.9,4.0,4.8,2.7,4.8,6.1,2.9,3.8,5.2,1.8,2.2,2.0,2.8,0.2,0,0.7
99,臺東縣,5.4,5.7,5.0,15.7,15.6,15.9,14.7,10.4,17.9,4.9,3.2,6.7,6.2,7.0,4.9,4.6,6.1,2.3,4.3,6.1,1.0,4.3,5.3,2.9,3.9,4.5,3.1,4.5,6.3,1.9,3.8,4.1,3.3,0.4,0,1.1
99,花蓮縣,5.4,5.8,4.7,10.5,10.6,10.5,18.8,18.0,19.3,7.6,9.4,5.6,5.0,5.2,4.8,4.4,4.9,3.6,2.7,4.0,0.9,3.8,4.5,2.6,5.5,7.1,2.7,3.3,4.4,1.7,1.1,0.4,2.3,0,0,0
100,臺灣地區,4.39,4.71,3.96,11.22,10.68,11.82,12.71,13.04,12.44,7.11,7.86,6.36,4.32,4.67,3.90,3.32,4.13,2.32,3.02,3.67,2.18,2.99,3.65,2.07,2.66,3.22,1.78,2.44,3.05,1.31,1.57,1.83,0.94,0.15,0.18,0.09
100,北部區域,4.4,4.8,3.9,11.7,11.8,11.6,12.1,12.6,11.6,7.0,8.1,5.9,4.4,4.9,4.0,3.3,4.1,2.3,3.3,3.9,2.5,3.1,3.7,2.2,2.4,2.8,1.8,2.5,3.2,1.2,1.5,1.5,1.4,0.4,0.3,0.4
100,新北市(100年五都改制),4.4,4.9,3.8,11.0,10.9,11.1,11.5,12.5,10.7,6.7,7.7,5.7,4.1,4.8,3.4,3.7,4.6,2.6,3.3,4.0,2.4,2.9,3.7,1.9,2.3,2.5,2.0,2.6,3.5,0.9,0.9,1.0,0.5,0,0,0
100,臺北市,4.4,4.9,4.0,6.5,4.4,9.7,15.7,17.3,14.6,8.6,10.2,7.1,4.7,5.2,4.3,3.4,4.3,2.5,3.2,4.3,2.1,3.1,3.5,2.6,2.2,2.5,1.8,2.1,2.5,1.5,1.3,1.4,0.9,0.2,0,0.9
100,基隆市,4.5,5.4,3.2,17.3,20.8,13.3,10.7,15.6,6.5,6.0,7.7,4.3,4.5,4.6,4.5,1.6,2.1,0.9,4.2,6.1,1.7,4.6,6.0,2.5,3.3,3.7,2.5,2.9,3.4,1.8,1.1,1.5,0.0,1.5,2.3,0
100,新竹市,4.4,5.4,3.2,5.0,7.5,1.9,11.4,12.6,10.2,5.9,6.9,4.9,4.2,5.6,2.8,3.0,4.1,1.7,2.9,3.4,2.4,4.4,5.8,2.6,3.3,4.2,2.0,3.0,4.0,1.5,5.7,6.9,2.8,0.7,1.0,0
100,宜蘭縣,4.4,4.8,3.9,3.7,2.2,5.0,8.4,10.2,6.9,5.8,5.8,5.7,4.4,4.8,3.9,3.3,3.9,2.7,3.9,4.0,3.8,3.4,4.2,2.3,3.6,3.8,3.3,6.4,7.7,3.6,2.7,3.7,0,1.2,1.2,1.1
100,桃園縣,4.4,4.6,4.2,17.6,16.8,18.6,11.2,9.6,12.5,7.1,8.0,6.2,4.4,4.5,4.4,2.8,3.8,1.7,3.3,3.5,3.0,2.8,3.3,2.0,2.1,2.8,0.9,2.1,2.8,0.7,1.8,0.4,5.4,0,0,0
100,新竹縣,4.1,4.5,3.6,20.5,28.2,9.2,11.6,10.5,12.7,5.1,6.8,3.4,5.8,5.8,5.8,2.8,3.2,2.2,2.6,2.9,2.3,2.2,3.1,0.8,2.7,2.8,2.5,1.3,1.9,0,1.0,1.5,0,0.8,1.0,0
100,中部區域,4.4,4.5,4.2,11.0,8.7,13.3,14.0,13.7,14.3,6.8,6.8,6.8,4.4,4.8,3.8,3.3,4.1,2.3,2.8,3.4,1.9,2.6,3.2,1.6,2.4,3.1,1.2,2.2,2.5,1.6,1.4,1.8,0.3,0.0,0.0,0
100,臺中市(100年五都改制),4.4,4.3,4.4,9.3,3.9,15.3,14.7,15.0,14.5,7.4,7.2,7.6,4.4,4.7,4.0,3.0,3.8,2.0,2.6,3.2,1.8,2.3,2.7,1.9,1.8,2.2,1.1,1.9,1.9,2.0,0.9,1.2,0,0,0,0
100,苗栗縣,4.4,4.7,4.0,10.3,11.5,9.1,12.9,9.8,15.4,5.9,6.7,5.2,3.3,3.4,3.2,2.6,3.4,1.6,3.7,4.6,2.4,3.4,4.4,2.1,3.1,3.8,1.9,2.4,3.4,0.3,5.7,7.8,0.2,0,0,0
100,彰化縣,4.4,4.7,3.9,12.5,13.7,11.4,14.4,13.7,15.1,5.0,5.0,5.1,4.6,5.9,3.0,3.8,4.6,2.7,3.2,4.2,1.8,2.3,3.3,0.7,2.8,3.6,1.5,2.6,3.0,1.8,1.3,1.7,0,0.1,0.1,0
100,南投縣,4.6,4.6,4.5,12.6,16.3,8.9,11.2,11.8,10.7,8.8,8.9,8.6,5.7,5.1,6.5,4.2,3.9,4.7,1.7,1.7,1.8,2.8,4.1,0.9,2.8,4.3,0.6,2.0,2.1,1.8,1.1,0.8,1.9,0,0,0
100,雲林縣,4.3,4.5,4.1,16.4,17.5,15.4,13.5,13.7,13.2,7.5,7.2,7.7,3.8,4.2,3.4,3.9,5.0,2.3,3.0,3.6,2.1,3.0,3.1,2.7,2.8,3.8,0.9,2.6,3.6,0.6,0.8,1.0,0.4,0,0,0
100,南部區域,4.4,4.7,3.9,10.8,10.9,10.6,12.9,13.2,12.6,7.4,8.3,6.6,4.0,4.1,3.9,3.4,4.2,2.4,2.8,3.5,1.9,3.2,3.8,2.2,3.2,4.0,2.0,2.4,3.0,1.3,1.5,1.9,0.7,0.1,0.2,0
100,臺南市(100年五都改制),4.3,5.0,3.4,9.4,8.6,10.0,12.5,12.8,12.3,7.4,8.8,6.1,4.0,4.3,3.6,2.7,3.9,1.2,2.6,3.5,1.5,3.6,4.8,1.8,3.1,4.2,1.4,2.9,3.8,1.2,2.2,2.7,1.0,0.1,0.2,0
100,高雄市(100年五都改制),4.4,4.6,4.2,5.6,5.1,6.0,13.7,12.8,14.4,7.6,8.5,6.7,4.1,4.2,3.9,3.8,4.2,3.2,2.9,3.5,2.2,3.0,3.6,2.2,3.1,3.6,2.4,2.1,2.6,1.2,1.3,1.6,0.6,0.2,0.3,0
100,嘉義市,4.3,4.9,3.6,7.7,12.0,0,14.4,16.2,12.9,5.8,7.8,3.8,2.8,2.3,3.4,4.5,5.5,3.5,3.5,4.4,2.4,4.1,4.5,3.6,1.4,2.2,0.3,3.3,4.2,1.6,0.8,1.0,0.5,0,0,0
100,嘉義縣,4.4,4.6,3.9,22.9,26.3,19.8,10.6,13.9,7.7,6.9,5.6,8.3,4.7,4.3,5.1,4.1,5.6,1.7,2.5,3.3,0.9,2.8,2.5,3.4,4.4,6.0,1.4,2.6,3.9,0,0.7,0.7,0.6,0,0,0
100,屏東縣,4.3,4.4,4.3,22.0,23.6,20.1,12.0,14.1,10.3,7.9,8.4,7.5,3.6,3.1,4.2,2.8,3.4,1.9,2.8,3.2,2.1,2.8,3.2,2.1,3.8,4.1,3.4,1.9,1.8,2.3,1.7,2.2,0.7,0,0,0
100,澎湖縣,4.4,4.1,4.8,18.4,3.3,28.9,14.8,15.5,14.5,6.8,8.9,4.7,4.6,4.6,4.5,3.6,3.0,4.7,4.3,4.0,4.7,2.0,2.5,0.8,1.4,1.5,1.3,2.4,3.6,0,0.2,0.3,0,0,0,0
100,東部區域,4.5,5.3,3.4,7.9,7.8,8.1,7.7,9.8,6.3,8.0,9.8,6.2,4.8,6.4,2.8,3.1,3.7,2.3,2.6,3.3,1.5,4.1,4.8,3.1,4.1,4.3,3.6,3.4,4.8,1.1,4.5,5.3,2.8,0.5,0.7,0
100,臺東縣,4.6,5.3,3.6,6.7,9.4,4.3,6.7,5.8,7.3,7.9,9.4,6.4,6.3,8.0,3.9,3.1,3.5,2.5,3.0,3.7,1.9,3.8,5.0,2.1,3.9,4.0,3.6,4.7,6.7,2.0,2.7,2.4,3.3,0,0,0
100,花蓮縣,4.4,5.3,3.2,8.6,6.9,10.3,8.5,13.0,5.4,8.1,10.2,6.1,3.9,5.3,2.1,3.1,3.8,2.2,2.2,2.9,1.3,4.3,4.6,3.8,4.2,4.5,3.7,2.5,3.6,0.4,6.1,7.8,2.5,0.9,1.2,0
101,臺灣地區,4.24,4.49,3.92,9.80,9.90,9.68,13.17,13.28,13.08,7.08,7.72,6.44,4.34,4.86,3.72,3.37,3.85,2.78,2.76,3.38,1.99,2.55,3.03,1.89,2.35,2.89,1.53,2.14,2.69,1.13,1.69,2.06,0.80,0.17,0.19,0.13
101,北部區域,4.2,4.7,3.7,8.9,8.8,9.0,12.4,13.9,11.2,7.1,8.0,6.2,4.5,5.2,3.7,3.4,3.9,2.7,2.9,3.5,2.1,2.7,3.3,2.0,2.3,2.9,1.4,2.0,2.5,1.1,1.7,2.1,0.8,0.2,0.1,0.5
101,新北市(100年五都改制),4.2,4.8,3.6,11.6,10.6,12.8,11.7,13.9,9.9,6.4,7.5,5.3,4.3,4.6,3.9,3.3,3.9,2.5,3.3,4.0,2.3,2.7,3.3,2.1,2.4,3.1,1.3,1.7,2.2,1.0,1.8,2.3,0.5,0.3,0,1.4
101,臺北市,4.3,4.8,3.7,3.8,6.9,0.2,13.7,14.3,13.3,8.9,10.2,7.6,4.9,5.9,3.8,3.7,4.2,3.1,3.1,3.8,2.4,2.5,2.8,2.1,2.0,2.8,1.0,2.2,3.1,0.9,1.4,1.7,0.7,0,0,0
101,基隆市,4.3,5.0,3.3,6.4,5.7,7.0,10.3,14.5,7.1,6.4,7.2,5.7,6.1,6.9,5.1,1.5,1.6,1.2,3.2,4.0,2.2,4.4,6.0,2.4,3.2,4.1,1.6,1.5,1.8,1.0,2.2,2.9,0,1.9,2.4,0.8
101,新竹市,4.2,4.7,3.6,4.1,5.2,2.9,12.0,13.1,10.9,6.3,8.0,4.7,4.2,5.5,2.8,3.7,3.3,4.2,3.4,4.3,2.4,2.8,3.2,2.1,2.4,2.9,1.7,1.6,1.7,1.3,4.9,5.0,4.8,0.2,0.3,0
101,宜蘭縣,4.3,4.5,4.0,16.5,20.9,11.5,8.6,9.0,8.2,6.9,7.0,6.9,4.5,5.1,3.9,2.8,3.9,1.5,2.1,2.2,1.9,2.8,2.9,2.8,3.8,4.0,3.3,3.6,3.7,3.5,2.1,2.3,1.7,0,0,0
101,桃園縣,4.3,4.6,3.9,7.9,4.8,10.9,13.9,14.8,13.1,6.5,7.2,5.7,4.3,5.1,3.4,3.6,4.1,2.9,2.0,2.4,1.5,2.8,3.6,1.7,2.1,2.4,1.7,2.3,2.8,1.3,1.4,1.7,0.7,0.2,0,1.0
101,新竹縣,4.0,4.3,3.8,1.8,1.9,1.6,12.7,14.3,11.3,8.8,6.9,10.7,3.9,4.6,3.0,3.1,4.6,1.4,2.0,2.5,1.4,2.6,3.6,1.2,1.3,1.7,0.6,1.0,1.3,0.4,1.9,2.6,0,0,0,0
101,中部區域,4.2,4.3,4.1,11.6,12.3,10.7,13.7,11.7,15.5,6.8,7.1,6.5,4.1,4.9,3.1,3.4,4.2,2.4,2.5,3.1,1.8,2.4,2.8,1.8,2.2,2.7,1.5,2.0,2.5,1.0,1.4,1.8,0.4,0.1,0.1,0
101,臺中市(100年五都改制),4.2,4.2,4.1,9.0,9.4,8.5,14.1,11.7,16.2,7.1,7.7,6.4,4.1,5.2,2.9,3.0,3.6,2.2,2.3,2.5,2.1,2.0,2.3,1.6,2.2,2.4,1.7,1.8,2.3,0.8,1.2,1.5,0.2,0,0,0
101,苗栗縣,4.3,4.7,3.7,6.2,8.7,0,10.9,11.0,10.7,7.6,9.2,5.9,3.7,5.2,1.9,1.9,2.3,1.2,3.6,4.5,2.4,3.7,3.3,4.3,3.0,3.0,3.1,1.7,2.1,0.9,3.5,4.5,1.2,0.3,0.4,0
101,彰化縣,4.2,4.3,4.0,14.9,15.4,14.4,12.1,9.0,15.0,5.9,5.8,5.9,3.9,4.2,3.6,4.3,5.1,3.2,2.7,3.7,1.3,2.5,3.5,1.0,2.4,3.4,0.8,2.7,3.6,0.9,0.9,1.3,0,0.2,0.2,0
101,南投縣,4.4,4.7,4.0,17.2,27.0,7.0,13.3,10.8,15.3,6.6,6.0,7.3,4.9,5.9,3.6,4.2,5.3,2.8,3.2,4.6,1.2,2.2,3.2,0.6,2.5,3.6,0.8,2.1,2.2,2.1,1.5,1.9,0.6,0,0,0
101,雲林縣,4.2,4.1,4.5,17.5,11.1,25.8,18.3,18.3,18.3,7.0,6.0,8.1,4.0,4.1,3.7,3.9,5.3,1.7,1.8,2.3,1.0,3.0,2.9,3.2,1.1,1.2,1.0,1.8,2.2,1.1,1.5,2.0,0.5,0,0,0
101,南部區域,4.2,4.3,4.2,9.7,9.3,10.0,14.2,14.0,14.4,7.3,7.8,6.7,4.3,4.4,4.3,3.4,3.4,3.4,2.6,3.1,1.9,2.3,2.7,1.7,2.6,3.0,1.8,2.3,2.9,1.3,1.8,2.1,1.2,0.3,0.4,0.0
101,臺南市(100年五都改制),4.2,4.6,3.8,9.6,8.5,10.9,13.7,13.8,13.6,7.0,8.6,5.4,4.3,4.9,3.6,3.0,3.0,3.0,2.7,3.4,1.8,2.6,3.5,1.3,2.7,3.4,1.6,2.7,3.2,1.7,1.6,1.7,1.4,0.5,0.7,0.1
101,高雄市(100年五都改制),4.3,4.2,4.5,7.8,7.4,8.2,14.7,13.8,15.5,7.5,7.4,7.6,4.2,4.2,4.3,3.9,3.7,4.3,2.5,3.1,1.8,2.2,2.3,2.0,2.4,2.9,1.8,2.3,2.8,1.2,2.3,2.9,0.9,0.2,0.3,0.0
101,嘉義市,4.0,3.5,4.5,16.6,22.4,9.6,11.4,13.2,10.2,6.8,5.7,7.8,5.2,3.1,7.6,2.5,3.5,1.5,2.8,2.1,3.6,2.2,2.8,1.4,2.3,1.7,3.2,2.6,2.6,2.5,0.5,0.6,0,0,0,0
101,嘉義縣,4.2,4.6,3.6,13.2,9.6,16.1,13.8,16.3,11.6,6.5,8.1,4.7,4.3,4.8,3.7,2.7,3.1,2.3,3.5,4.3,2.3,2.3,2.2,2.5,3.3,4.4,1.3,2.1,2.7,0.9,2.2,2.9,0.3,0,0,0
101,屏東縣,4.2,3.9,4.6,11.1,14.2,8.4,14.8,13.1,16.1,7.7,8.1,7.3,4.6,4.1,5.3,3.2,3.9,2.2,1.9,1.8,2.1,2.4,2.7,1.9,2.4,2.4,2.4,2.0,2.6,1.0,1.2,0.7,2.3,0,0,0
101,澎湖縣,4.2,3.8,4.7,11.3,27.0,6.9,17.1,17.5,16.9,8.6,6.9,10.3,3.0,2.3,3.8,2.8,2.7,3.1,4.1,6.3,0.6,1.7,2.3,0.6,0.6,0.4,1.0,0.8,1.0,0.6,2.7,4.1,0.6,0,0,0
101,東部區域,4.3,5.0,3.2,8.3,7.7,8.9,8.6,12.4,6.3,7.7,8.5,6.8,4.4,4.7,3.9,3.0,3.4,2.5,4.7,6.8,1.8,2.9,3.6,1.8,2.8,3.4,1.7,3.1,4.9,0.5,1.9,2.6,0.4,0.2,0.3,0
101,臺東縣,4.3,5.2,3.0,10.4,10.9,9.7,7.6,10.8,5.4,8.3,11.0,5.5,3.5,4.5,2.1,3.0,2.0,4.4,6.0,7.8,3.2,3.0,4.0,1.6,2.3,3.1,0.9,3.1,4.4,0.9,2.4,3.5,0.5,0.3,0.5,0
101,花蓮縣,4.3,4.9,3.4,7.3,5.6,8.6,9.2,13.5,6.8,7.2,6.7,7.7,5.0,4.9,5.1,3.0,4.5,1.2,3.9,6.0,1.0,2.7,3.4,1.9,3.1,3.6,2.3,3.2,5.2,0.3,1.5,1.9,0.3,0,0,0
102,臺灣地區,4.18,4.47,3.80,9.65,8.62,10.84,13.75,14.13,13.41,7.11,7.96,6.25,4.20,4.91,3.40,3.37,3.90,2.72,2.51,2.97,1.94,2.59,3.27,1.69,2.26,2.65,1.68,2.15,2.48,1.58,1.32,1.64,0.57,0.14,0.17,0.07
102,北部區域,4.2,4.6,3.7,8.3,9.0,7.5,12.7,13.9,11.7,7.1,8.4,5.8,4.5,5.4,3.4,3.8,4.3,3.2,2.3,2.7,1.9,2.7,3.3,2.0,2.3,2.7,1.7,1.8,1.8,1.7,1.8,2.0,1.0,0.1,0.1,0.1
102,新北市(100年五都改制),4.2,4.6,3.7,9.4,11.5,7.2,9.9,10.9,9.0,6.8,7.4,6.2,4.3,5.1,3.3,4.4,4.7,4.0,2.4,2.8,1.9,2.9,3.7,1.9,2.3,2.7,1.6,1.9,1.8,2.0,2.6,2.7,2.3,0.0,0.0,0
102,臺北市,4.2,4.8,3.6,5.5,9.7,1.5,17.9,20.4,15.8,8.5,11.1,5.9,4.4,5.3,3.6,3.7,4.5,2.8,2.0,2.3,1.5,2.5,2.7,2.4,2.4,2.8,1.9,1.6,1.6,1.5,1.2,1.4,0.5,0.1,0.1,0.2
102,基隆市,4.2,4.9,3.4,1.6,0,3.6,16.9,23.8,11.3,6.7,7.6,5.8,4.4,5.9,2.6,3.2,4.0,2.1,3.8,4.7,2.7,1.9,2.5,1.1,2.5,2.6,2.4,1.2,1.2,1.3,1.2,1.6,0.1,0,0,0
102,新竹市,4.1,4.5,3.7,5.5,0,13.1,9.0,8.3,9.6,6.6,8.2,5.0,4.4,4.3,4.5,3.3,4.1,2.4,3.7,3.6,3.8,2.9,2.9,3.0,2.7,4.3,0.3,2.4,3.5,0.5,3.2,4.6,0,0.9,1.4,0
102,宜蘭縣,4.3,4.7,3.6,4.0,3.7,4.5,11.5,10.2,12.7,6.1,6.6,5.7,5.1,6.7,3.1,3.2,4.7,1.2,3.3,3.9,2.5,2.5,3.1,1.6,2.9,3.9,1.1,3.0,3.4,2.3,2.3,3.1,0.5,0,0,0
102,桃園縣,4.3,4.8,3.6,8.2,6.8,10.3,13.0,14.7,11.4,6.8,8.4,5.2,5.1,6.4,3.6,3.2,3.6,2.7,2.1,2.4,1.7,2.9,3.8,1.8,1.8,2.0,1.4,1.8,2.0,1.6,0.9,1.2,0.2,0.1,0.2,0
102,新竹縣,4.0,4.0,4.0,20.1,19.0,21.7,15.7,13.3,18.3,6.3,6.9,5.7,3.1,4.9,1.2,2.8,2.9,2.7,1.3,0.9,1.8,2.1,3.3,0.5,3.0,2.1,4.4,0.6,1.0,0,0.7,0.9,0,0,0,0
102,中部區域,4.1,4.4,3.8,10.6,8.8,13.1,13.5,13.3,13.6,7.1,7.7,6.6,4.0,4.6,3.3,2.9,3.6,2.0,2.8,3.5,2.0,2.1,2.7,1.2,2.5,3.0,1.6,2.1,2.6,1.2,0.8,1.0,0.2,0.2,0.2,0.1
102,臺中市(100年五都改制),4.1,4.3,3.9,10.4,9.6,11.6,12.8,12.8,12.8,7.0,6.8,7.3,4.4,5.2,3.4,2.6,3.1,1.9,3.4,4.0,2.6,1.5,2.1,0.7,2.3,2.4,2.1,1.9,2.2,1.3,1.1,1.5,0.2,0.2,0.3,0
102,苗栗縣,4.2,4.9,3.2,2.9,2.0,4.3,12.3,15.2,9.4,7.0,8.6,5.3,4.7,5.4,4.0,2.8,3.5,1.9,2.7,4.4,0.5,3.0,3.8,1.9,2.6,3.1,1.8,1.8,2.0,1.5,0.5,0.7,0,0.3,0,1.2
102,彰化縣,4.0,4.5,3.4,12.2,10.3,14.5,12.9,13.8,11.9,6.4,7.0,5.8,3.0,3.7,2.2,3.8,4.7,2.6,2.2,2.7,1.4,2.4,2.9,1.8,2.3,3.1,1.2,3.2,4.4,0.9,0.8,1.0,0.4,0.3,0.4,0.0
102,南投縣,4.3,4.3,4.2,17.4,12.0,26.3,15.8,14.0,17.5,9.3,11.1,7.2,4.4,4.2,4.7,1.8,2.3,1.2,2.2,2.7,1.5,1.9,2.8,0.6,2.2,3.4,0.4,1.1,0.7,1.8,0.2,0.1,0.6,0,0,0
102,雲林縣,4.2,4.3,4.1,6.5,2.2,12.5,16.5,11.8,21.2,7.5,9.3,5.7,3.9,4.0,3.7,3.1,3.9,2.1,2.2,2.4,1.9,3.1,3.9,1.8,3.3,4.6,1.0,1.8,2.4,0.8,0.4,0.6,0,0,0,0
102,南部區域,4.2,4.3,4.1,10.9,8.0,13.8,15.9,15.6,16.1,7.2,7.5,6.9,3.9,4.2,3.5,3.1,3.5,2.6,2.6,3.1,2.0,2.8,3.5,1.7,2.0,2.3,1.6,2.6,3.2,1.6,1.2,1.6,0.4,0.2,0.2,0.1
102,臺南市(100年五都改制),4.2,4.3,4.2,11.9,10.4,13.6,14.8,12.8,16.4,6.9,7.7,6.1,4.3,4.3,4.3,3.2,3.2,3.2,3.2,3.2,3.2,3.2,4.6,1.5,1.3,1.8,0.6,2.8,3.6,1.4,0.9,1.2,0.3,0.2,0.3,0.2
102,高雄市(100年五都改制),4.2,4.3,4.2,11.1,6.1,16.6,16.7,17.0,16.4,7.2,6.9,7.6,3.9,4.6,3.1,2.9,3.5,2.1,2.6,3.2,1.8,2.6,3.0,2.0,2.1,2.2,2.1,2.5,2.9,1.9,2.0,2.7,0.5,0.2,0.3,0
102,嘉義市,3.9,4.7,2.9,13.4,11.3,16.1,9.3,14.2,4.8,7.0,9.3,4.6,4.0,6.8,0.9,4.0,3.2,4.8,2.5,3.2,1.8,3.0,3.3,2.8,3.0,2.7,3.5,1.4,2.4,0,0.1,0,0.2,0.5,0.6,0
102,嘉義縣,4.1,4.7,3.4,4.7,5.8,4.0,14.6,17.1,12.7,8.5,8.3,8.8,3.1,3.9,2.1,3.9,5.4,1.8,2.3,3.4,0.6,3.4,4.5,1.4,2.4,3.3,0.7,2.4,3.5,0.3,0.6,0.5,0.7,0.1,0.1,0
102,屏東縣,4.1,3.8,4.5,10.5,7.1,13.2,18.6,17.6,19.4,7.1,8.3,5.9,3.6,2.4,5.1,3.4,3.8,2.8,1.3,1.9,0.5,1.6,2.1,0.9,2.6,2.6,2.5,2.6,2.8,2.2,0.6,0.8,0.0,0,0,0
102,澎湖縣,4.0,4.1,4.0,26.3,33.7,24.5,15.5,10.4,18.3,5.7,4.8,6.6,1.8,2.1,1.5,1.5,1.3,1.7,3.4,4.9,0.9,3.5,5.5,0,2.3,3.6,0,4.7,6.8,0,0,0,0,0,0,0
102,東部區域,4.1,4.5,3.4,10.8,5.1,15.8,12.8,13.6,12.3,6.1,8.1,4.0,4.0,5.0,2.8,3.5,4.3,2.4,1.8,2.1,1.3,3.1,4.3,1.4,2.7,2.7,2.6,3.9,4.5,3.2,1.7,2.4,0.2,0.0,0.0,0
102,臺東縣,4.1,4.3,3.7,16.5,10.4,22.0,10.8,10.8,10.9,3.2,3.3,3.1,4.3,5.9,2.2,5.3,5.5,5.0,2.3,2.4,2.2,4.1,6.1,1.1,2.4,1.6,3.5,4.0,3.9,4.2,1.9,2.9,0,0.1,0.1,0
102,花蓮縣,4.1,4.7,3.2,5.7,0,10.3,14.2,15.6,13.1,7.9,11.2,4.6,3.8,4.4,3.1,2.3,3.4,0.7,1.4,1.9,0.7,2.4,3.0,1.6,2.9,3.5,1.9,3.8,4.9,2.4,1.6,2.1,0.5,0,0,0
103,臺灣地區,3.96,4.27,3.56,8.78,9.64,7.59,13.25,13.69,12.83,6.84,7.36,6.30,4.04,4.68,3.30,3.26,3.60,2.85,2.58,3.10,1.97,2.37,3.11,1.43,2.12,2.68,1.31,2.04,2.36,1.51,1.23,1.39,0.89,0.10,0.13,0.03
103,北部區域,4.0,4.4,3.5,7.1,7.9,6.2,12.2,13.2,11.3,7.1,7.9,6.3,4.2,4.9,3.4,3.2,3.7,2.7,2.8,3.4,2.1,2.4,3.1,1.4,2.3,2.8,1.6,2.0,2.1,1.9,1.1,1.1,1.1,0.1,0.1,0.1
103,新北市(100年五都改制),3.9,4.2,3.6,8.2,8.1,8.2,10.9,11.9,9.9,7.4,8.4,6.5,3.8,4.4,3.1,3.1,3.5,2.7,3.1,3.8,2.3,2.2,2.5,1.8,2.2,2.2,2.2,2.0,2.0,2.1,1.4,1.1,2.2,0.2,0.1,0.5
103,臺北市,4.0,4.7,3.2,5.9,9.0,2.6,16.9,20.6,13.7,7.6,8.6,6.7,4.8,5.9,3.7,3.8,4.5,3.1,2.4,2.8,1.9,2.2,3.6,0.8,2.2,3.2,1.0,1.2,1.4,1.0,0.6,0.9,0,0,0,0
103,基隆市,4.0,4.7,3.1,10.7,8.3,15.5,11.3,13.4,9.3,5.5,7.5,3.5,2.9,3.1,2.8,4.2,5.2,2.9,1.5,1.6,1.3,4.1,4.9,3.1,3.0,4.6,0.4,2.8,3.3,1.8,1.1,1.2,0.7,0,0,0
103,新竹市,3.9,4.8,2.8,3.0,4.9,0,12.5,12.9,11.9,6.2,8.0,4.4,4.3,5.3,3.3,2.1,2.1,2.1,3.0,3.5,2.3,2.7,4.0,1.1,3.9,5.8,1.2,2.3,3.1,1.0,1.7,2.5,0,0,0,0
103,宜蘭縣,3.9,3.7,4.3,4.5,4.0,5.5,10.1,9.7,10.5,6.5,6.5,6.5,3.6,2.1,5.5,4.5,6.0,2.6,2.7,1.0,4.7,1.9,1.8,2.1,2.5,3.2,1.3,2.4,3.1,1.2,2.6,3.7,0.1,0,0,0
103,桃園縣,4.0,4.5,3.4,6.0,6.2,5.6,10.0,10.1,10.0,7.0,7.3,6.7,4.3,5.0,3.4,3.1,3.6,2.5,2.9,4.2,1.5,2.8,4.1,1.2,2.3,2.6,1.9,2.7,2.8,2.6,0.5,0.4,0.6,0.4,0.6,0
103,新竹縣,3.9,3.7,4.1,13.4,19.2,4.9,17.7,14.2,21.6,5.0,5.8,4.1,5.0,6.2,3.8,1.4,0.9,2.0,2.2,2.9,1.2,1.0,1.2,0.6,2.0,2.4,1.4,2.7,0.6,6.1,2.5,1.2,5.6,0,0,0
103,中部區域,3.9,4.2,3.6,11.2,12.2,9.9,14.1,14.6,13.6,6.5,7.0,6.0,3.9,4.4,3.4,2.9,3.4,2.3,2.5,2.8,2.1,2.1,2.7,1.3,1.9,2.6,1.0,1.9,2.4,0.9,1.0,1.2,0.5,0,0,0
103,臺中市(100年五都改制),3.9,4.4,3.4,7.4,7.4,7.5,12.9,13.7,12.2,6.9,6.9,6.8,3.3,3.6,3.0,3.2,4.4,1.8,3.0,3.4,2.6,2.0,2.7,1.1,2.2,3.1,1.0,1.8,2.5,0.6,2.1,2.4,1.4,0,0,0
103,苗栗縣,4.1,4.1,4.0,15.5,14.2,17.1,11.5,11.6,11.3,7.8,9.9,5.6,4.7,5.0,4.4,2.3,1.1,3.8,2.6,2.8,2.4,1.9,2.1,1.7,2.1,2.5,1.3,1.9,2.8,0.2,0.3,0.5,0,0,0,0
103,彰化縣,3.9,4.3,3.4,12.5,13.5,10.6,14.1,14.5,13.7,5.2,5.9,4.5,4.8,5.2,4.4,2.4,3.1,1.6,2.0,2.5,1.3,2.3,2.9,1.3,1.9,2.6,1.0,2.6,3.4,1.1,0,0,0,0,0,0
103,南投縣,4.0,4.0,4.1,17.6,24.7,5.2,19.3,18.3,20.3,7.0,7.1,7.0,3.8,5.0,2.3,2.7,2.1,3.5,1.1,1.6,0.6,2.2,1.9,2.6,0.7,1.0,0.4,1.6,1.5,1.6,1.0,1.5,0,0,0,0
103,雲林縣,3.9,4.1,3.7,14.3,13.7,14.9,17.0,18.0,15.8,6.2,7.0,5.4,4.2,5.3,3.0,3.4,3.1,3.9,2.0,2.0,2.1,2.7,3.8,1.1,1.8,2.1,1.3,1.2,1.1,1.3,0.3,0.6,0,0,0,0
103,南部區域,4.0,4.1,3.7,8.5,9.8,6.6,14.2,13.7,14.7,6.8,6.9,6.7,3.9,4.7,3.0,3.5,3.5,3.5,2.5,3.0,1.8,2.6,3.3,1.6,2.0,2.6,1.1,2.2,2.6,1.3,1.4,1.8,0.7,0.2,0.3,0
103,臺南市(100年五都改制),4.1,4.3,3.8,8.8,7.3,10.7,14.6,12.8,16.1,6.1,5.5,6.6,4.2,4.8,3.5,3.3,3.4,3.1,2.2,2.9,1.4,3.1,4.5,1.3,2.5,3.5,1.1,2.4,3.1,1.2,2.4,2.8,1.5,0,0,0
103,高雄市(100年五都改制),3.9,4.2,3.6,5.4,8.3,0.8,13.4,13.5,13.3,6.7,6.6,6.8,3.6,4.9,2.1,3.7,3.9,3.3,3.0,3.5,2.3,2.6,3.0,2.0,1.8,2.1,1.3,2.3,2.6,1.9,1.5,2.0,0.6,0.6,0.9,0
103,嘉義市,3.7,3.4,4.0,10.2,14.2,3.3,14.3,13.7,14.8,5.9,5.1,6.8,1.4,1.2,1.7,5.9,4.2,7.6,3.1,4.7,1.4,1.6,1.3,2.0,1.5,1.5,1.4,2.3,2.5,1.9,0,0,0,0,0,0
103,嘉義縣,3.9,4.6,2.9,12.2,15.5,7.0,16.0,20.2,12.3,7.3,8.5,6.0,4.5,4.9,4.0,3.0,4.4,1.3,1.2,1.8,0.3,3.0,4.5,0.7,2.6,3.9,0.5,1.5,1.8,1.0,0.4,0.5,0,0,0,0
103,屏東縣,3.9,3.6,4.3,15.6,13.6,19.2,13.8,12.1,15.3,9.1,10.7,7.4,4.7,4.6,4.8,3.4,1.7,5.6,1.7,1.9,1.4,1.5,2.0,0.6,1.2,1.5,0.8,1.2,1.7,0.4,0.3,0.5,0,0,0,0
103,澎湖縣,3.9,3.4,4.7,16.0,31.1,2.5,23.3,10.4,29.9,3.5,3.5,3.6,1.6,2.4,0.7,1.2,1.5,0.7,2.7,3.0,2.1,3.1,2.2,4.6,1.0,1.2,0.5,6.6,9.7,0,1.6,2.0,0,0,0,0
103,東部區域,3.8,4.1,3.5,14.0,11.0,19.5,11.4,12.7,10.2,5.5,5.8,5.2,4.0,4.7,3.3,4.3,4.6,3.9,1.4,1.5,1.3,2.9,3.8,1.7,2.0,2.6,1.0,2.8,3.3,2.1,2.9,2.8,3.1,0.1,0.1,0
103,臺東縣,3.9,4.0,3.8,6.3,7.3,4.1,10.9,12.0,9.9,6.6,6.0,7.3,5.8,5.6,6.0,7.1,9.4,4.2,1.4,0.9,2.0,1.5,2.0,0.8,1.2,1.3,0.9,2.0,1.8,2.4,1.8,2.2,1.2,0.2,0.3,0
103,花蓮縣,3.8,4.2,3.2,21.4,15.0,31.3,11.7,13.2,10.5,4.8,5.7,3.9,3.0,4.1,1.7,2.5,1.7,3.7,1.4,2.1,0.7,4.0,5.1,2.3,2.6,3.6,1.2,3.2,4.2,1.9,3.7,3.2,4.6,0,0,0
104,臺灣地區,3.78,4.05,3.44,8.63,8.24,9.21,12.59,13.23,11.97,6.55,6.90,6.19,3.97,4.38,3.52,3.14,3.64,2.56,2.37,3.15,1.44,2.36,2.98,1.57,2.06,2.33,1.69,1.76,2.10,1.20,1.16,1.15,1.19,0.14,0.14,0.16
104,北部區域,3.8,4.1,3.4,7.1,7.3,6.7,11.5,12.7,10.4,6.7,7.0,6.3,4.2,4.6,3.7,3.2,3.6,2.7,2.2,3.2,1.2,2.8,3.4,2.0,2.3,2.7,1.7,1.5,1.7,1.1,1.1,0.8,1.8,0.1,0.1,0.2
104,新北市,3.7,3.8,3.6,7.8,7.5,8.1,10.5,11.4,9.7,6.4,6.5,6.3,4.0,4.1,3.8,3.2,3.2,3.3,2.2,3.0,1.3,2.5,2.9,1.9,2.8,3.2,2.3,1.2,1.2,1.2,1.6,0.7,4.0,0,0,0
104,臺北市,3.8,4.3,3.1,5.0,2.6,8.1,13.9,14.7,13.2,8.3,10.1,6.5,4.3,4.7,3.9,2.9,3.7,2.0,2.4,4.0,0.7,2.8,3.5,2.0,2.2,2.3,2.0,1.5,1.9,1.0,0.6,0.7,0.4,0.0,0.0,0
104,桃園市(103年升格),3.9,4.3,3.3,8.2,12.7,1.2,10.5,11.4,9.5,6.6,5.5,7.7,4.0,5.3,2.5,3.0,4.0,1.8,2.3,2.6,1.9,3.1,3.8,2.3,1.8,2.4,0.9,2.1,2.3,1.9,0.8,1.0,0.3,0.5,0.7,0.1
104,基隆市,3.9,4.2,3.6,17.1,14.7,22.6,9.7,12.8,6.9,6.4,8.3,4.4,4.9,4.0,6.0,4.2,3.5,5.0,1.9,2.7,0.9,3.8,4.5,2.8,0.9,1.3,0.2,1.1,1.5,0.4,1.7,1.1,3.1,1.7,1.0,4.1
104,新竹市,3.9,4.7,3.0,4.4,0,12.5,14.4,18.5,9.9,4.7,4.6,4.7,3.2,4.3,2.1,3.7,4.0,3.3,1.2,1.5,0.9,5.2,6.6,3.5,3.6,5.2,1.5,0.9,1.2,0.4,1.2,1.4,0.8,0,0,0
104,宜蘭縣,3.9,4.0,3.8,6.8,4.9,9.7,12.4,12.8,12.0,4.0,3.9,4.1,5.6,6.1,5.1,3.1,3.3,2.7,1.8,2.5,1.0,1.6,0.9,2.5,2.5,3.3,1.3,4.4,5.6,2.0,1.7,1.1,2.9,0,0,0
104,新竹縣,3.7,4.2,3.0,0.2,0.4,0,13.3,16.7,10.2,5.8,7.8,3.7,4.7,3.8,5.6,3.9,3.9,3.8,2.7,4.2,0.8,1.9,3.3,0,0.8,1.2,0.3,0,0,0,0.4,0.7,0,0,0,0
104,中部區域,3.8,4.0,3.4,8.2,6.6,11.0,13.5,14.0,12.9,6.2,6.7,5.7,3.6,3.9,3.3,3.4,4.0,2.7,2.4,2.8,2.0,2.0,2.6,1.1,1.6,1.8,1.4,1.9,2.6,0.6,0.9,0.9,0.7,0.1,0.1,0.1
104,臺中市,3.8,3.8,3.6,7.4,5.8,10.0,13.1,14.4,11.8,5.8,5.9,5.6,3.2,2.8,3.6,3.9,4.1,3.8,2.6,2.5,2.6,1.8,2.7,0.7,2.4,2.7,1.9,1.2,1.6,0.7,1.3,1.7,0.7,0.2,0.2,0.3
104,苗栗縣,3.8,4.2,3.3,7.9,7.1,9.2,12.2,11.9,12.6,5.4,5.6,5.1,5.2,6.9,3.3,2.5,2.7,2.3,2.7,4.4,0.5,2.4,2.6,2.0,1.1,0.9,1.5,2.1,3.1,0,1.2,1.5,0.4,0,0,0
104,彰化縣,3.7,4.0,3.3,10.9,6.6,19.3,13.2,13.3,13.1,8.2,9.9,6.2,3.0,3.2,2.9,3.1,4.2,1.6,1.5,1.8,1.1,2.5,3.3,1.3,0.5,0.4,0.9,1.5,1.9,0.8,0.3,0,0.8,0,0,0
104,南投縣,3.8,4.0,3.5,6.2,4.6,9.3,16.6,15.9,17.3,6.7,5.9,7.5,4.5,5.2,3.6,3.4,5.0,1.6,2.6,3.9,1.0,1.7,2.4,0.8,0.4,0.5,0.1,1.1,1.7,0,0.9,0.5,1.6,0,0,0
104,雲林縣,3.8,4.3,3.0,7.9,9.8,2.5,14.5,14.3,14.7,4.8,5.1,4.4,4.6,6.1,2.8,2.8,3.9,1.2,3.0,3.3,2.6,1.5,1.3,1.8,2.2,2.6,1.4,5.0,6.9,1.3,0.3,0.3,0.3,0,0,0
104,南部區域,3.8,3.9,3.6,11.3,11.0,11.9,13.5,13.3,13.7,6.7,6.7,6.7,4.1,4.6,3.5,2.9,3.4,2.2,2.5,3.4,1.5,2.0,2.6,1.3,2.0,2.2,1.8,1.9,2.1,1.7,1.4,1.7,0.9,0.2,0.2,0.2
104,臺南市,3.8,4.1,3.5,12.0,5.0,21.3,13.3,14.2,12.4,5.9,6.6,5.2,3.8,4.0,3.7,3.2,4.0,2.3,2.4,3.4,1.2,1.7,2.2,1.2,2.9,3.3,2.4,2.8,3.0,2.6,1.4,1.9,0.6,0.3,0.1,0.6
104,高雄市,3.8,3.9,3.6,10.6,13.7,6.2,13.8,13.3,14.3,7.3,7.2,7.3,3.9,4.2,3.7,2.4,2.6,2.3,3.0,3.9,1.8,1.8,2.4,1.2,1.7,2.0,1.2,1.9,2.1,1.5,1.5,1.5,1.4,0.4,0.5,0
104,嘉義市,3.5,3.7,3.4,0,0,0,10.9,11.5,10.4,8.5,7.8,9.3,3.1,4.4,1.7,3.0,4.9,1.0,1.7,1.0,2.4,2.0,3.3,0.6,3.1,2.1,4.4,0.7,0,1.8,0.7,1.0,0,0,0,0
104,嘉義縣,3.8,4.6,2.6,17.5,22.6,8.7,10.8,12.4,9.3,7.3,6.1,8.5,4.2,6.5,1.1,3.0,4.3,1.2,2.0,2.9,0.6,5.3,8.0,1.3,0.7,1.0,0.1,1.0,1.1,0.7,2.3,3.4,0,0,0,0
104,屏東縣,3.8,3.4,4.4,10.8,10.1,12.5,15.1,11.9,18.0,5.8,5.1,6.4,5.8,6.5,4.8,3.6,3.8,3.3,2.1,2.8,1.0,1.3,0.9,1.8,1.8,1.5,2.1,1.0,1.0,1.2,0.9,0.9,0.9,0,0,0
104,澎湖縣,3.7,3.5,4.2,15.7,21.3,9.6,18.1,15.2,19.8,7.7,9.8,5.7,3.7,4.2,3.1,1.4,2.3,0,0.6,0.4,0.9,2.6,2.3,3.2,0.4,0,1.3,3.1,4.4,0,0,0,0,0,0,0
104,東部區域,3.7,4.6,2.6,14.3,15.6,12.4,12.6,14.0,11.3,5.7,8.2,3.1,2.7,3.4,1.8,2.6,3.5,1.4,3.0,4.3,1.3,2.6,3.4,1.5,2.7,2.8,2.5,2.9,4.1,1.0,1.3,2.0,0.2,0.2,0.2,0.2
104,臺東縣,3.7,4.7,2.5,18.5,13.2,26.8,9.1,7.7,10.3,5.0,6.6,3.4,3.5,5.8,0.7,5.3,7.3,2.4,4.1,5.8,1.7,3.8,5.2,1.8,0.7,0.6,0.8,1.8,2.9,0,0.8,1.3,0,0.3,0.4,0
104,花蓮縣,3.7,4.5,2.7,10.7,17.8,1.7,14.9,17.9,12.0,6.2,9.2,2.9,2.2,2.0,2.5,0.9,1.1,0.7,2.2,3.2,1.0,1.8,2.1,1.3,4.1,4.4,3.7,3.7,5.0,1.7,1.7,2.5,0.3,0.1,0,0.5
105,臺灣地區,3.92,4.19,3.57,8.94,8.76,9.23,12.62,12.31,12.94,6.76,7.52,5.97,3.79,4.20,3.33,3.41,3.87,2.86,2.66,3.12,2.13,2.51,3.19,1.67,2.15,2.60,1.52,1.92,2.17,1.50,1.63,1.88,1.12,0.17,0.14,0.27
105,北部區域,4.0,4.5,3.3,7.7,9.6,4.6,11.5,11.7,11.2,6.8,7.8,5.7,3.6,4.4,2.7,3.6,4.5,2.6,3.0,3.7,2.2,2.6,3.4,1.6,2.4,3.0,1.7,2.1,2.3,1.7,1.8,2.1,1.1,0.0,0.0,0
105,新北市,3.9,4.5,3.3,8.7,10.2,6.1,12.0,13.3,10.7,6.2,7.0,5.4,3.4,4.0,2.8,4.0,5.0,2.9,2.5,3.0,1.9,2.1,2.8,1.4,2.4,3.3,1.3,2.4,2.5,2.4,2.5,2.6,2.1,0.1,0.1,0
105,臺北市,3.9,4.6,3.1,6.7,8.6,3.2,11.7,11.5,11.9,9.0,11.0,7.0,4.3,5.6,3.0,4.3,5.2,3.4,3.3,4.1,2.4,2.5,3.6,1.4,1.7,2.3,0.9,0.8,0.9,0.6,0.6,0.9,0.1,0.0,0.0,0
105,桃園市(103年升格),4.0,4.4,3.6,8.9,11.3,5.3,10.7,10.1,11.4,6.4,7.2,5.6,3.4,4.3,2.3,2.3,2.9,1.7,3.7,4.4,3.0,2.9,4.0,1.6,2.8,2.1,3.8,2.2,2.5,1.8,1.4,1.4,1.4,0.0,0.1,0
105,基隆市,4.0,4.2,3.7,1.4,1.8,0,11.1,8.6,13.6,4.3,5.7,2.8,3.7,3.6,3.9,3.9,5.2,2.3,3.7,4.9,2.3,3.0,2.5,3.6,3.4,4.1,2.3,2.6,3.0,1.8,2.2,2.2,2.4,0,0,0
105,新竹市,3.9,5.5,2.0,12.8,15.1,9.0,11.7,14.4,8.7,6.6,9.6,3.4,3.2,5.4,0.8,2.8,4.1,1.5,2.7,4.1,1.0,3.2,5.3,0.7,3.7,4.8,2.1,1.9,2.0,1.6,0,0,0,0,0,0
105,宜蘭縣,4.0,4.5,3.2,5.7,8.7,1.7,9.2,7.1,11.6,4.7,3.8,5.7,3.6,3.7,3.4,2.9,3.4,2.3,2.0,3.1,0.6,2.4,2.7,1.9,3.5,5.5,0.4,5.6,7.8,1.4,5.6,7.6,1.1,0,0,0
105,新竹縣,3.9,4.3,3.4,2.1,3.9,0,12.6,13.2,11.9,6.9,6.7,7.0,2.6,3.1,2.1,2.7,3.6,1.6,2.8,3.7,1.8,3.7,4.0,3.3,2.2,2.9,1.0,2.1,1.3,3.4,2.1,3.4,0,0,0,0
105,中部區域,3.8,3.6,4.1,8.6,6.2,12.4,13.1,11.6,14.8,6.7,6.9,6.5,3.8,3.6,4.0,3.4,3.2,3.6,2.3,2.4,2.2,2.3,2.8,1.6,1.9,1.7,2.1,1.4,1.7,0.9,1.2,1.6,0.3,0.1,0.0,0.4
105,臺中市,3.8,3.5,4.3,3.5,2.5,4.9,12.1,10.9,13.5,7.0,6.9,7.2,3.5,3.3,3.8,3.9,3.3,4.5,2.2,1.6,3.0,2.4,3.4,1.3,2.0,1.4,2.9,1.6,1.6,1.5,0.5,0.8,0.1,0.3,0,1.3
105,苗栗縣,3.9,4.5,3.0,16.6,11.0,24.1,14.5,16.3,12.2,4.6,5.2,4.1,2.8,3.3,2.4,2.8,3.7,1.7,2.4,2.9,1.9,2.4,3.2,1.1,3.1,4.1,1.5,2.3,3.4,0.2,2.4,3.4,0,0,0,0
105,彰化縣,3.8,3.6,4.1,8.9,5.6,15.1,12.4,10.4,14.8,7.6,7.6,7.5,3.9,3.9,4.0,2.8,2.4,3.4,2.4,3.6,1.0,2.0,2.4,1.5,1.3,1.1,1.6,1.7,2.3,0.7,1.0,1.3,0.5,0,0,0
105,南投縣,3.9,3.5,4.4,10.0,7.1,14.5,14.5,11.7,17.7,6.4,7.5,5.2,4.3,4.0,4.7,3.6,3.6,3.6,3.4,4.2,2.5,3.1,2.1,4.3,0.9,1.4,0.3,0.3,0.2,0.5,0.2,0,0.6,0.0,0.0,0.1
105,雲林縣,3.8,3.7,4.0,18.2,15.3,22.9,16.1,12.8,20.0,5.4,6.0,4.8,5.2,4.4,6.1,2.6,3.6,1.3,1.5,1.8,1.2,1.8,2.1,1.5,2.1,2.3,1.8,0.7,0.9,0.3,2.8,4.3,0.4,0,0,0
105,南部區域,3.9,4.1,3.7,11.5,9.5,14.7,14.2,14.1,14.2,6.8,7.7,5.9,4.1,4.3,3.9,3.2,3.5,2.7,2.4,2.7,2.1,2.6,3.1,1.8,1.9,2.7,0.8,1.9,2.2,1.5,1.7,1.7,1.8,0.3,0.3,0.4
105,臺南市,3.9,4.3,3.5,14.7,15.0,14.2,14.4,15.7,13.0,6.1,7.3,4.8,3.7,3.9,3.4,3.1,3.0,3.3,3.0,4.1,1.7,2.0,2.4,1.5,2.2,3.1,0.9,2.1,2.2,1.9,2.1,1.3,3.6,0.7,0.9,0.1
105,高雄市,4.0,4.1,3.8,10.8,5.4,19.1,14.2,13.5,14.9,6.8,6.9,6.7,4.3,4.4,4.1,2.8,3.4,2.2,2.3,2.4,2.2,2.9,3.4,2.3,2.3,3.4,0.8,2.2,2.7,1.3,2.0,2.2,1.4,0.4,0.0,1.1
105,嘉義市,3.7,3.7,3.7,16.3,13.7,20.9,12.7,14.6,10.8,6.7,7.8,5.6,4.4,2.8,6.0,3.9,6.7,1.0,1.4,1.0,1.7,2.4,0.3,4.7,1.8,1.8,1.8,0.7,0.5,1.0,1.0,1.6,0,0,0,0
105,嘉義縣,3.9,4.2,3.5,8.5,12.0,2.7,12.8,11.3,14.4,6.9,8.0,5.7,4.2,4.4,4.0,4.1,5.1,2.8,2.6,2.1,3.2,4.5,6.4,1.7,1.1,1.7,0,1.7,1.9,1.5,1.5,2.0,0.4,0.0,0.0,0
105,屏東縣,3.9,4.1,3.7,5.0,4.3,6.7,13.3,12.3,14.2,8.7,11.5,5.8,4.8,5.7,3.8,4.2,4.2,4.2,2.0,2.0,2.1,1.8,2.9,0.1,0.9,1.1,0.7,1.5,1.7,1.1,0.5,0.7,0,0,0,0
105,澎湖縣,3.8,2.7,5.4,14.5,23.3,0,28.1,29.5,26.9,6.4,3.1,9.6,1.3,2.4,0,0.7,0,1.7,2.4,0,6.0,0.8,1.2,0.1,0.6,0,1.8,0.2,0.3,0,0,0,0,0,0,0
105,東部區域,3.9,4.7,2.8,8.0,9.8,5.7,11.4,12.2,10.6,6.3,8.2,4.3,3.9,5.3,2.1,2.6,3.3,1.7,2.2,3.5,0.6,2.7,3.6,1.3,2.2,2.9,1.1,4.3,5.1,3.1,2.8,3.2,2.1,0.1,0,0.3
105,臺東縣,3.9,4.4,3.3,9.0,7.0,12.4,12.3,12.0,12.6,6.0,5.8,6.1,4.3,6.5,1.6,3.5,4.4,2.3,2.8,4.3,0.9,3.2,3.7,2.4,1.7,2.5,0.5,1.1,1.4,0.5,2.3,2.4,2.3,0.2,0,0.7
105,花蓮縣,3.9,5.0,2.4,6.9,13.7,0,10.7,12.4,8.9,6.5,9.7,3.2,3.6,4.5,2.4,2.1,2.6,1.4,1.8,2.9,0.5,2.3,3.5,0.6,2.5,3.1,1.6,6.6,7.6,5.0,3.2,3.8,1.8,0,0,0
